speaker,party,community,community_label,total_mentions,pos_to_plus,pos_to_minus,neg_to_plus,neg_to_minus,reach_plus,reach_minus,positive_bridge_balance,signed_reach_balance,gatekeeper_score,cross_pressure
Yılmaz Tunç,Adalet ve Kalkınma Partisi,1,Pole +,502.0,7.7184540962446375,0.0,0.0,7.699165249981369,7.7184540962446375,7.699165249981369,0.0,0.49937445442033374,2.9747625729342584,0.0
Sacid Yıldız,Cumhuriyet Halk Partisi,-1,Pole -,142.0,0.0,9.442670994471513,8.765595740433994,0.0,8.765595740433994,9.442670994471513,0.0,0.4814074764814827,2.947631947328752,0.0
Hasan Macit,Demokratik Sol Parti,-1,Pole -,138.0,0.0,9.21190353379135,10.280379452273007,0.0,10.280379452273007,9.21190353379135,0.0,0.47259233512588733,2.9257928986518595,0.0
Abdullah Özer,Bağımsız,1,Pole +,68.0,7.105680599671098,0.0,0.0,7.186324726987752,7.105680599671098,7.186324726987752,0.0,0.49717869793399166,2.9240923738444877,0.0
Kemalettin Nalcı,Milliyetçi Hareket Partisi,-1,Pole -,57.0,0.0,7.163446764853996,6.870195336820615,0.0,6.870195336820615,7.163446764853996,0.0,0.48955184167845167,2.8703303312935096,0.0
Ensar Öğüt,Cumhuriyet Halk Partisi,1,Pole +,109.0,6.056906342185595,0.0,0.0,6.032973335735102,6.056906342185595,6.032973335735102,0.0,0.49901020489508174,2.8516175829280774,0.0
Suat Kılıç,Adalet ve Kalkınma Partisi,1,Pole +,484.0,7.40799058824968,0.0,0.0,8.120241817288212,7.40799058824968,8.120241817288212,0.0,0.477065927035628,2.845272844877708,0.0
Ayşe Türkmenoğlu,Adalet ve Kalkınma Partisi,1,Pole +,172.0,7.162315107240719,0.0,0.0,7.858845887107968,7.162315107240719,7.858845887107968,0.0,0.4768150151282271,2.827987535271644,0.0
Zeki Ertugay,Milliyetçi Hareket Partisi,0,Neutral,147.0,2.7195686613871866,0.6639642540369282,0.0,2.038581257485802,2.7195686613871866,2.7025455115227306,0.19623401646662225,0.49843021095476303,2.8182333264476216,0.0
Mustafa Çetin,Adalet ve Kalkınma Partisi,-1,Pole -,75.0,0.0,5.855816885552263,6.00239817925177,0.0,6.00239817925177,5.855816885552263,0.0,0.49381941995966117,2.8124320732330204,0.0
Ramazan Kerim Özkan,Cumhuriyet Halk Partisi,-1,Pole -,282.0,0.0,6.935250765918812,7.630065203696977,0.0,7.630065203696977,6.935250765918812,0.0,0.47614832248816674,2.8093995653849335,0.0
Ferit Mevlüt Aslanoğlu,Cumhuriyet Halk Partisi,-1,Pole -,636.0,0.0,6.964627820068129,7.770066680059104,0.0,7.770066680059104,6.964627820068129,0.0,0.47266862706487206,2.7943184715962643,0.0
Osman Ertuğrul,Milliyetçi Hareket Partisi,0,Neutral,63.0,3.053629265228819,0.8108658764092316,0.6366452418940998,2.459413342378281,3.6902745071229184,3.2702792187875125,0.20982452984937738,0.46983032486972637,2.7906017712378275,0.8969295205629595
Yılmaz Ateş,Cumhuriyet Halk Partisi,0,Neutral,90.0,0.8600548140156116,2.030680208902426,2.1519305434417104,0.810730346793721,3.011985357457322,2.8414105556961466,0.29752115185220696,0.48542941522640504,2.7871485419656805,1.1817205996686242
Nurettin Canikli,Adalet ve Kalkınma Partisi,1,Pole +,411.0,6.7288593056813095,0.0,0.0,7.560609941888541,6.7288593056813095,7.560609941888541,0.0,0.47089637750924596,2.769432963294073,0.0
Ülkü Güney,Adalet ve Kalkınma Partisi,1,Pole +,90.0,5.316861641466129,0.0,0.28417329428982524,5.432651692198213,5.601034935755955,5.432651692198213,0.0,0.4923695837021564,2.7688145266381303,0.2470132522721872
Alaattin Büyükkaya,Adalet ve Kalkınma Partisi,1,Pole +,76.0,6.110218904095927,0.0,0.0,6.648793712333038,6.110218904095927,6.648793712333038,0.0,0.4788943382459936,2.7623793230523366,0.0
Engin Altay,Cumhuriyet Halk Partisi,-1,Pole -,173.0,0.0,4.983224709199293,4.976353030789139,0.0,4.976353030789139,4.983224709199293,0.0,0.4996550215486609,2.758804575015568,0.0
Ali Temür,Adalet ve Kalkınma Partisi,-1,Pole -,50.0,0.0,7.679050172843296,6.738507037976656,0.0,6.738507037976656,7.679050172843296,0.0,0.46738202172364,2.7529236179855836,0.0
Güldal Akşit,Adalet ve Kalkınma Partisi,1,Pole +,49.0,8.535767638563131,0.0,0.0,7.270578411995912,8.535767638563131,7.270578411995912,0.0,0.4599784408287572,2.7515058291734995,0.0
Hasan Kara,Adalet ve Kalkınma Partisi,1,Pole +,84.0,9.207854552576034,0.0,0.0,7.660544664761703,9.207854552576034,7.660544664761703,0.0,0.4541358409655066,2.7460169762815547,0.0
İzzettin Yılmaz,Milliyetçi Hareket Partisi,-1,Pole -,52.0,1.360940735187502,5.566101048420995,4.665974123351208,0.0,6.02691485853871,5.566101048420995,0.19646781086429085,0.4801253696718676,2.7236182653997467,0.0
Hasan Fehmi Kinay,Adalet ve Kalkınma Partisi,-1,Pole -,81.0,0.0,6.907475062837937,6.12854224871453,0.0,6.12854224871453,6.907475062837937,0.0,0.47012381939791664,2.721855021369449,0.0
Hüsnü Tuna,Adalet ve Kalkınma Partisi,1,Pole +,63.0,6.688450699186709,0.31931447158210463,0.0,5.641997318474005,6.688450699186709,5.96131179005611,0.045565806466872125,0.47125879198556236,2.7142957815076456,0.0
Harun Öztürk,Bağımsız,0,Neutral,1043.0,5.070191128408879,1.1040002318474262,0.28085326623915835,2.9487050130684507,5.351044394648038,4.052705244915877,0.1788088783213204,0.4309669440192421,2.7081373517450076,0.3829458637238488
Ahmet Küçük,Cumhuriyet Halk Partisi,-1,Pole -,76.0,0.0,5.413717808673845,5.10752841983069,0.0,5.10752841983069,5.413717808673845,0.0,0.48544899609969616,2.7068961808535197,0.0
Özdal Üçer,Bağımsız,1,Pole +,323.0,4.369681568893794,0.7326375194067383,0.27886711509346335,3.851987792996416,4.648548683987258,4.584625312403154,0.14358912223719317,0.49653838579224374,2.7041488138302165,0.31371099564871197
Mehmet Nezir Karabaş,Bağımsız,0,Neutral,635.0,2.2661273552941075,0.0,0.6150173921812364,2.622386090138014,2.8811447474753438,2.622386090138014,0.0,0.4764915773232475,2.702295032289121,0.8370046983175182
Ayşe Nur Bahçekapılı,Adalet ve Kalkınma Partisi,-1,Pole -,43.0,0.0,6.8543051109523825,8.260669891063317,0.0,8.260669891063317,6.8543051109523825,0.0,0.45347776688911684,2.6923903225205557,0.0
Metin Çobanoğlu,Milliyetçi Hareket Partisi,-1,Pole -,281.0,0.0,6.003057898161268,6.9239456866893,0.0,6.9239456866893,6.003057898161268,0.0,0.4643812356277211,2.684719700578064,0.0
Mustafa Kemal Cengiz,Milliyetçi Hareket Partisi,0,Neutral,116.0,3.503275968911009,0.31112546463708984,0.0,2.653051055715081,3.503275968911009,2.964176520352171,0.08156599927295004,0.4583221175284659,2.6837498291311697,0.0
Abdullah Gül,Adalet ve Kalkınma Partisi,1,Pole +,359.0,4.637591698399651,0.0,0.0,4.497587214691828,4.637591698399651,4.497587214691828,0.0,0.49233706936533783,2.676037936910131,0.0
Mehmet Ali Özpolat,Cumhuriyet Halk Partisi,1,Pole +,72.0,7.535096931255544,0.0,0.0,6.341040876536918,7.535096931255544,6.341040876536918,0.0,0.45697448122192813,2.674180384142411,0.0
Fuat Çay,Cumhuriyet Halk Partisi,-1,Pole -,78.0,0.0,5.248788427610468,5.815844888349681,0.0,5.815844888349681,5.248788427610468,0.0,0.4743752709423269,2.668948299896243,0.0
Faik Öztrak,Cumhuriyet Halk Partisi,0,Neutral,285.0,2.381863619211496,3.0840687062398118,3.83092280325706,1.3166784643024791,6.212786422468556,4.4007471705422905,0.43576529619383214,0.4146354398902177,2.662988886834028,1.2444309983282542
Mehmet Şevki Kulkuloğlu,Cumhuriyet Halk Partisi,1,Pole +,209.0,4.5381485364911684,0.0,0.0,4.39334229427076,4.5381485364911684,4.39334229427076,0.0,0.4918935009872343,2.6625839515317544,0.0
Erkan Akçay,Milliyetçi Hareket Partisi,-1,Pole -,945.0,0.0,4.008600201979544,4.03748561910161,0.0,4.03748561910161,4.008600201979544,0.0,0.4982050018629683,2.6449806226813837,0.0
Mümin İnan,Milliyetçi Hareket Partisi,-1,Pole -,379.0,0.0,5.676359238487611,5.07986123727186,0.0,5.07986123727186,5.676359238487611,0.0,0.47227195168114217,2.6438123616059435,0.0
Mehmet Ali Susam,Bağımsız,0,Neutral,283.0,2.137104335330224,0.0,0.0,2.073533893536767,2.137104335330224,2.073533893536767,0.0,0.49245121056203106,2.642412785109404,0.0
Vahit Erdem,Adalet ve Kalkınma Partisi,1,Pole +,130.0,7.799983211173022,0.0,0.0,6.367737455253731,7.799983211173022,6.367737455253731,0.0,0.4494539103875688,2.639490608419259,0.0
Sami Güçlü,Adalet ve Kalkınma Partisi,0,Neutral,57.0,1.1101512949425052,0.9774147116585964,1.295336058239331,1.2583846065088937,2.405487353181836,2.2357993181674902,0.4682078114415071,0.48171972041446287,2.6382903449272166,2.0558011357588715
Çetin Soysal,Cumhuriyet Halk Partisi,-1,Pole -,97.0,0.7299423397175372,3.8477484440204246,3.1198800250367933,0.0,3.8498223647543304,3.8477484440204246,0.15945645392894767,0.49986528725846396,2.6317725494241535,0.0
Malik Ecder Özdemir,Cumhuriyet Halk Partisi,-1,Pole -,134.0,0.0,7.588141010918829,9.969244742138308,0.0,9.969244742138308,7.588141010918829,0.0,0.4321908236916975,2.630583981857976,0.0
Hasan Özdemir,Milliyetçi Hareket Partisi,-1,Pole -,357.0,0.0,6.8883243961016065,5.755226544135142,0.0,5.755226544135142,6.8883243961016065,0.0,0.4551906794921479,2.621525866518011,0.0
Öznur Çalık,Adalet ve Kalkınma Partisi,0,Neutral,82.0,1.876914770950847,0.0,0.0,1.8777581864285016,1.876914770950847,1.8777581864285016,0.0,0.49988768442857684,2.6170845707055377,0.0
Mehdi Eker,Adalet ve Kalkınma Partisi,-1,Pole -,434.0,0.0,5.707995498395617,7.411609708712765,0.2821978117191563,7.411609708712765,5.990193310114773,0.0,0.44696921013183627,2.600129538739972,0.19309346144609799
Ahmet Aydın,Adalet ve Kalkınma Partisi,1,Pole +,357.0,4.16336808134254,0.0,0.0,4.466178348041671,4.16336808134254,4.466178348041671,0.0,0.48245502992874856,2.5949771542566986,0.0
İsmail Özgün,Adalet ve Kalkınma Partisi,1,Pole +,52.0,4.338563934353181,0.0,0.0,4.069306633013625,4.338563934353181,4.069306633013625,0.0,0.48398778262877923,2.590685074593342,0.0
Canan Candemir Çelik,Bağımsız,1,Pole +,97.0,7.009579320576195,0.0,0.0,9.319257246641333,7.009579320576195,9.319257246641333,0.0,0.42927610251300147,2.5817760071745735,0.0
Tacidar Seyhan,Cumhuriyet Halk Partisi,1,Pole +,107.0,3.5637064491391692,0.0,0.0,3.6085009913324075,3.5637064491391692,3.6085009913324075,0.0,0.49687721363619347,2.5811036615432474,0.0
Recai Berber,Adalet ve Kalkınma Partisi,1,Pole +,107.0,6.045049245110677,0.0,0.0,7.725354283861849,6.045049245110677,7.725354283861849,0.0,0.43898853304865626,2.5655798109512555,0.0
Fatih Atay,Cumhuriyet Halk Partisi,0,Neutral,129.0,1.0850426024493807,2.8391413237561727,2.5668034340862746,0.0,3.6518460365356553,2.8391413237561727,0.2765014644005357,0.43739745060775015,2.56303929764534,0.0
Bekir Aksoy,Milliyetçi Hareket Partisi,-1,Pole -,134.0,1.0696132923503487,4.393072356194557,4.44307709873619,0.3024550367227494,5.512690391086538,4.695527392917306,0.19580355908626335,0.45997523679551255,2.551013298449605,0.3049369240864035
Mehmet Ekici,Milliyetçi Hareket Partisi,-1,Pole -,195.0,0.0,5.315772803714609,6.624286334989356,0.0,6.624286334989356,5.315772803714609,0.0,0.4452048973558438,2.538611461706591,0.0
Mehmet Yüksel,Adalet ve Kalkınma Partisi,-1,Pole -,82.0,0.0,4.718383277418032,6.762210465264023,0.6019372164825466,6.762210465264023,5.320320493900579,0.0,0.44033162517367963,2.516029194716086,0.4267518631610085
Necati Özensoy,Bağımsız,1,Pole +,96.0,5.71234653998683,0.0,0.0,7.458440210445159,5.71234653998683,7.458440210445159,0.0,0.4337133876505712,2.515498396797932,0.0
Taner Yıldız,Adalet ve Kalkınma Partisi,1,Pole +,143.0,3.0213678025394275,0.0,0.6293686152768884,3.431921396317219,3.650736417816316,3.431921396317219,0.0,0.4845527605448089,2.511028368062351,0.7175277611097326
Faruk Nafız Özak,Adalet ve Kalkınma Partisi,-1,Pole -,143.0,0.0,4.048672849557587,4.644377230713707,0.0,4.644377230713707,4.048672849557587,0.0,0.4657367450672156,2.5084536904337025,0.0
Ünal Kacır,Adalet ve Kalkınma Partisi,0,Neutral,72.0,1.6703857229497223,2.0716292041721656,2.7699194115982144,1.0550785141459662,4.440305134547937,3.1267077183181318,0.4463867074384138,0.413202379684166,2.4937335275573025,1.2608090177605313
Mehmet Emin Ekmen,Adalet ve Kalkınma Partisi,1,Pole +,124.0,5.868530952101683,0.0,0.0,4.721210298988625,5.868530952101683,4.721210298988625,0.0,0.4458286738645957,2.488852693713994,0.0
Ahmet Orhan,Milliyetçi Hareket Partisi,-1,Pole -,203.0,0.0,4.972687815248499,6.336435215436536,0.0,6.336435215436536,4.972687815248499,0.0,0.4397058729767465,2.483465937686715,0.0
Selma Aliye Kavaf,Adalet ve Kalkınma Partisi,1,Pole +,111.0,5.965451082625651,0.6996366621424138,0.27886711509346335,4.216203295204946,6.244318197719115,4.91583995734736,0.10497036030570514,0.44048120901182675,2.482025156917248,0.2934862246072513
Hasan Erçelebi,Demokratik Sol Parti,-1,Pole -,112.0,0.6531755643975589,3.4875054780191954,3.189184264633231,0.0,3.84235982903079,3.4875054780191954,0.15774592574234594,0.47579393773976464,2.481872143940059,0.0
Muharrem Varlı,Milliyetçi Hareket Partisi,1,Pole +,70.0,3.5166574373400423,0.72057443877707,0.3087367761877773,3.6854543189693327,3.8253942135278196,4.406028757746403,0.17005782540919792,0.4647306093263385,2.477796002745769,0.35662119309610474
Kerem Altun,Adalet ve Kalkınma Partisi,1,Pole +,93.0,5.5382299391066425,0.0,0.0,4.4912904654076495,5.5382299391066425,4.4912904654076495,0.0,0.44780710181698324,2.475651812951346,0.0
Yaşar Yakış,Adalet ve Kalkınma Partisi,0,Neutral,67.0,0.0,1.361614349974133,2.41562883627835,0.6613718591428556,2.41562883627835,2.0229862091169886,0.0,0.4557696912148045,2.4729690325471223,0.9362261526117022
Yaşar Karayel,Adalet ve Kalkınma Partisi,1,Pole +,61.0,3.382152403354426,0.0,0.9308358227048186,3.743334917751834,4.312988226059245,3.743334917751834,0.0,0.46464557720265265,2.4674008341747573,0.9498099424254208
Mehmet Erdoğan,Adalet ve Kalkınma Partisi,0,Neutral,108.0,0.0,0.7007458879516566,2.27017475930885,1.226481066391968,2.27017475930885,1.9272269543436247,0.0,0.4591476073438422,2.462064265891378,1.5721188589526318
Müfit Yetkin,Adalet ve Kalkınma Partisi,1,Pole +,77.0,5.820546150088259,0.0,0.0,4.613814892145836,5.820546150088259,4.613814892145836,0.0,0.4421751243826809,2.4619454390233484,0.0
Mehmet Domaç,Adalet ve Kalkınma Partisi,-1,Pole -,58.0,0.0,4.5406379294987325,5.692736779839885,0.0,5.692736779839885,4.5406379294987325,0.0,0.4437087527842987,2.46188757356309,0.0
Veysel Eroğlu,Adalet ve Kalkınma Partisi,-1,Pole -,212.0,0.0,4.730351069921664,3.9034461744231304,0.0,3.9034461744231304,4.730351069921664,0.0,0.4521123282722218,2.4319947219721425,0.0
Mehmet Salih Erdoğan,Adalet ve Kalkınma Partisi,1,Pole +,130.0,6.920916187820239,0.0,0.0,5.124956434371294,6.920916187820239,5.124956434371294,0.0,0.42545331456555324,2.4297268835383483,0.0
Emin Haluk Ayhan,Milliyetçi Hareket Partisi,-1,Pole -,634.0,0.0,4.51628892569897,3.7707091444504908,0.0,3.7707091444504908,4.51628892569897,0.0,0.4550150865339188,2.42904290999891,0.0
Cânân Aritman,Bağımsız,1,Pole +,264.0,3.112726866212361,0.0,0.0,2.9139186376823343,3.112726866212361,2.9139186376823343,0.0,0.4835058964917914,2.4280126841669776,0.0
Soner Aksoy,Adalet ve Kalkınma Partisi,1,Pole +,62.0,3.6553716818837447,0.6613040730450882,0.0,2.5796925287194936,3.6553716818837447,3.2409966017645817,0.15319753218360346,0.4699570075135355,2.422935800972154,0.0
Erol Aslan Cebeci,Adalet ve Kalkınma Partisi,1,Pole +,66.0,4.767912379174787,0.0,0.0,3.8957135771734874,4.767912379174787,3.8957135771734874,0.0,0.4496631775601115,2.4203640074327013,0.0
Ahmet Öksüzkaya,Adalet ve Kalkınma Partisi,0,Neutral,62.0,2.5986001091009943,0.31815826281693677,0.299149102953038,3.9409386029901796,2.8977492120540322,4.259096865807116,0.10907940327557905,0.40489192866854895,2.4177702524937232,0.3296815492535055
Hamit Geylani,Bağımsız,-1,Pole -,1837.0,0.0,4.183279154868437,3.5252942495014583,0.0,3.5252942495014583,4.183279154868437,0.0,0.45732122717358975,2.408429456348099,0.0
İlhan Kesici,Cumhuriyet Halk Partisi,1,Pole +,170.0,4.949760093657222,0.6531755643975589,0.0,6.083873874132269,4.949760093657222,6.737049438529828,0.11657738088460398,0.42353390628994003,2.4059917029045854,0.0
Faruk Bal,Milliyetçi Hareket Partisi,-1,Pole -,2804.0,0.0,5.5929282257733295,4.318351603867906,0.0,4.318351603867906,5.5929282257733295,0.0,0.4357007044153368,2.4035764821869714,0.0
Mehmet Ceylan,Adalet ve Kalkınma Partisi,-1,Pole -,47.0,0.0,6.014928064028736,8.940965505826455,0.0,8.940965505826455,6.014928064028736,0.0,0.40217777931705334,2.383567831230638,0.0
Alim Işık,Milliyetçi Hareket Partisi,-1,Pole -,465.0,0.0,2.82120498185634,3.10634997189873,0.0,3.10634997189873,2.82120498185634,0.0,0.4759475033788048,2.3822186849622047,0.0
Mehmet Tunçak,Bağımsız,0,Neutral,77.0,0.9896469759848364,1.2671526238657744,1.6828978239422305,0.7699997707955215,2.672544799927067,2.037152394661296,0.43851787974963674,0.43254424012004933,2.3761818679781954,1.2971950614632608
Kemal Demirel,Bağımsız,-1,Pole -,45.0,0.0,4.624356526688339,6.316161295095392,0.0,6.316161295095392,4.624356526688339,0.0,0.4226816866984187,2.37335700309775,0.0
Mehmet Daniş,Adalet ve Kalkınma Partisi,-1,Pole -,87.0,0.0,6.98170409898329,4.974666117211859,0.0,4.974666117211859,6.98170409898329,0.0,0.41606825707500283,2.373036960775387,0.0
Nazım Ekren,Adalet ve Kalkınma Partisi,0,Neutral,181.0,2.6044272876451884,0.0,0.0,1.9966792339171042,2.6044272876451884,1.9966792339171042,0.0,0.4339563155354163,2.3723970540742574,0.0
Hayati Yazıcı,Adalet ve Kalkınma Partisi,-1,Pole -,202.0,0.0,2.971351168469406,2.698006108724768,0.0,2.698006108724768,2.971351168469406,0.0,0.47589276461760543,2.360895573061559,0.0
İkram Dinçer,Adalet ve Kalkınma Partisi,1,Pole +,62.0,4.221679145581326,0.0,0.0,5.637060363049856,4.221679145581326,5.637060363049856,0.0,0.4282169278797853,2.360024782650663,0.0
Fahrettin Poyraz,Adalet ve Kalkınma Partisi,0,Neutral,55.0,2.515342971598673,1.5777106201591509,1.2032690179772076,0.9540897611908628,3.718611989575881,2.5318003813500134,0.38546053317032636,0.4050613352683334,2.3560748295514133,1.7717078269761006
Halil Aydoğan,Adalet ve Kalkınma Partisi,0,Neutral,178.0,2.4053567141172074,0.0,0.28688095485748216,2.0203590161469185,2.6922376689746894,2.0203590161469185,0.0,0.42871460273627654,2.3554446315175044,0.5063246716787727
Yılmaz Tankut,Milliyetçi Hareket Partisi,0,Neutral,508.0,1.1312071343234211,0.3634687292114722,0.988178256085612,1.352049354560488,2.1193853904090334,1.7155180837719601,0.24317561943410038,0.4473432238580643,2.3527596642912014,1.7253738168406516
Ayla Akat Ata,Bağımsız,1,Pole +,823.0,8.664182650370222,0.0,0.0,5.7484480629977766,8.664182650370222,5.7484480629977766,0.0,0.3988479394859628,2.3491155606196767,0.0
Devlet Bahçeli,Milliyetçi Hareket Partisi,-1,Pole -,541.0,0.36738564467817475,3.3842062671078916,3.8120206174056337,0.0,4.179406262083808,3.3842062671078916,0.09792793385284301,0.44743252693063573,2.3479018682925568,0.0
Erdal Kalkan,Bağımsız,1,Pole +,45.0,7.55774445837496,0.0,0.0,5.155231264733968,7.55774445837496,5.155231264733968,0.0,0.4055094083879647,2.3376159422156784,0.0
Sadullah Ergin,Adalet ve Kalkınma Partisi,1,Pole +,758.0,3.51535376924768,0.0,0.0,4.462039510799975,3.51535376924768,4.462039510799975,0.0,0.44066446837957773,2.33573724070227,0.0
Selçuk Ayhan,Bağımsız,0,Neutral,208.0,1.7221250867782736,1.1397935494861147,0.0,1.0305884033569468,1.7221250867782736,2.1703819528430612,0.39826203814641115,0.4424205451156698,2.33437710924407,0.0
Ali Arslan,Cumhuriyet Halk Partisi,-1,Pole -,97.0,0.0,7.315962502851111,5.005072817689568,0.0,5.005072817689568,7.315962502851111,0.0,0.40622177333906956,2.329042085912945,0.0
Yusuf Ziya İrbeç,Adalet ve Kalkınma Partisi,1,Pole +,133.0,4.7957891922180265,0.0,0.0,6.9253659278351005,4.7957891922180265,6.9253659278351005,0.0,0.4091567036429711,2.3255149497328365,0.0
Saffet Kaya,Adalet ve Kalkınma Partisi,1,Pole +,48.0,3.804764354070814,0.0,0.30663672979103157,5.637697426114178,4.111401083861845,5.637697426114178,0.0,0.4217211549594072,2.3195275838397933,0.2583372860048508
Hüseyin Ünsal,Cumhuriyet Halk Partisi,0,Neutral,179.0,1.42600504275509,1.4136626268794938,1.396563160221514,0.6183974847127287,2.822568202976604,2.0320601115922226,0.4978267849785327,0.4185820168920846,2.3139491377105728,1.2089316227168918
Birgen Keleş,Cumhuriyet Halk Partisi,1,Pole +,141.0,4.026729731790577,0.0,0.0,5.516518956319937,4.026729731790577,5.516518956319937,0.0,0.4219453839011181,2.311793386969738,0.0
İbrahim Yiğit,Adalet ve Kalkınma Partisi,1,Pole +,77.0,2.733538653355221,0.0,0.0,2.4619950397111046,2.733538653355221,2.4619950397111046,0.0,0.4738675917977167,2.309793942451307,0.0
Ümit Şafak,Milliyetçi Hareket Partisi,-1,Pole -,59.0,0.0,3.134514405885163,3.942662291803431,0.0,3.942662291803431,3.134514405885163,0.0,0.4429046411213656,2.2948603233617604,0.0
Kemal Anadol,Cumhuriyet Halk Partisi,-1,Pole -,187.0,0.0,7.294038610262222,12.584237638626323,0.0,12.584237638626323,7.294038610262222,0.0,0.366935166740281,2.2788558211922525,0.0
Hüseyin Çelik,Adalet ve Kalkınma Partisi,0,Neutral,136.0,0.5744896552697417,0.7771231560046777,0.49262775816864635,0.27365714355586723,1.067117413438388,1.0507802995605449,0.42504010767922673,0.49614308217770436,2.275417275505308,1.0726363240585
Fehmi Murat Sönmez,Cumhuriyet Halk Partisi,1,Pole +,120.0,2.240939682042477,0.0,0.0,2.4809759284661705,2.240939682042477,2.4809759284661705,0.0,0.47458274700646313,2.2682805079159607,0.0
Onur Öymen,Cumhuriyet Halk Partisi,0,Neutral,433.0,1.7755065453241914,0.26643703134527963,0.555347379087797,1.4621731438659848,2.330853924411988,1.7286101752112644,0.13048207318704264,0.4258222593829244,2.267159422125893,1.084637437493175
Ali Küçükaydın,Adalet ve Kalkınma Partisi,1,Pole +,100.0,7.778019377908926,0.3408718471798288,0.0,4.689734636339998,7.778019377908926,5.0306064835198265,0.04198502451720154,0.39275145808388306,2.2670056766506113,0.0
Vecdi Gönül,Adalet ve Kalkınma Partisi,1,Pole +,183.0,3.565567799134133,0.0,0.0,2.8650762506773004,3.565567799134133,2.8650762506773004,0.0,0.44553488391505336,2.2660579058511177,0.0
İbrahim Halil Mazıcıoğlu,Adalet ve Kalkınma Partisi,-1,Pole -,47.0,0.0,4.595779585574581,3.405150687827953,0.0,3.405150687827953,4.595779585574581,0.0,0.4255943460377463,2.2571058250047096,0.0
Hüseyin Pazarcı,Cumhuriyet Halk Partisi,1,Pole +,72.0,6.48442339101933,0.2663534069062267,0.0,4.083645265885174,6.48442339101933,4.349998672791401,0.03945522342682387,0.4014979891654601,2.2505123653253243,0.0
Osman Durmuş,Milliyetçi Hareket Partisi,0,Neutral,225.0,0.9445980749656021,1.3862931574380821,0.778966723801971,0.9997608718226293,1.723564798767573,2.3860540292607113,0.40525188881776036,0.41939772773892714,2.238818948485305,1.6716028268634695
Şükrü Elekdağ,Cumhuriyet Halk Partisi,1,Pole +,683.0,4.754488371569356,0.0,0.0,3.4399488846398834,4.754488371569356,3.4399488846398834,0.0,0.41979074055555327,2.2363095901395798,0.0
Ufuk Uras,Bağımsız,0,Neutral,540.0,1.6086296818841614,0.6198332699953858,0.0,1.549356687743785,1.6086296818841614,2.169189957739171,0.27814385210867315,0.4258090207871176,2.2322350684552217,0.0
Sevahir Bayındır,Bağımsız,0,Neutral,344.0,1.3478509840013686,1.0335114551492608,0.792719869646095,0.5574290450268242,2.1405708536474637,1.590940500176085,0.4340000655607416,0.4263528497962498,2.2291024724168294,1.4649628964757622
Fatoş Gürkan,Adalet ve Kalkınma Partisi,-1,Pole -,48.0,0.31244489926118835,3.270951343086493,2.3109092994687845,0.0,2.623354198729973,3.270951343086493,0.08719239460085385,0.4450658656348615,2.2251628002994677,0.0
Mevlüt Akgün,Adalet ve Kalkınma Partisi,1,Pole +,167.0,7.0745332770637805,0.0,0.0,4.554953391691525,7.0745332770637805,4.554953391691525,0.0,0.3916727815284873,2.22307724287906,0.0
Haluk Özdalga,Adalet ve Kalkınma Partisi,-1,Pole -,52.0,0.0,5.021373451358989,8.111766449707922,0.0,8.111766449707922,5.021373451358989,0.0,0.38234371131375205,2.216467800722376,0.0
Abdulaziz Yazar,Cumhuriyet Halk Partisi,0,Neutral,82.0,2.3838956622167675,0.9929489642789111,2.358419406677725,1.7516074764263494,4.742315068894492,2.7445564407052605,0.2940463876229028,0.36658254877482216,2.2079115172100834,1.9783192992297312
Kayhan Türkmenoğlu,Adalet ve Kalkınma Partisi,1,Pole +,66.0,2.416928058031682,0.0,0.2755967045567919,3.457221210411204,2.692524762588474,3.457221210411204,0.0,0.4378269889475299,2.2074229222145876,0.3356860728036911
Cüneyt Yüksel,Adalet ve Kalkınma Partisi,1,Pole +,192.0,4.128247243190577,0.0,0.0,6.314169493442351,4.128247243190577,6.314169493442351,0.0,0.39533446585338655,2.2014496555343968,0.0
Akif Akkuş,Milliyetçi Hareket Partisi,-1,Pole -,402.0,0.0,5.500038987229467,3.721409147703114,0.0,3.721409147703114,5.500038987229467,0.0,0.40356016678141426,2.197278668065856,0.0
Ali Rıza Öztürk,Cumhuriyet Halk Partisi,0,Neutral,2382.0,1.3551780499701722,0.6380716340439457,0.0,0.5150503207277236,1.3551780499701722,1.1531219547716693,0.3201162598148994,0.4597225021456825,2.19630018359663,0.0
Mehmet Ali Şahin,Adalet ve Kalkınma Partisi,1,Pole +,703.0,4.67240257721065,0.0,0.0,3.3041479469984782,4.67240257721065,3.3041479469984782,0.0,0.4142326857400368,2.1955923184232162,0.0
Aysel Tuğluk,Bağımsız,1,Pole +,284.0,2.503149560534058,0.0,0.0,2.1380001400926814,2.503149560534058,2.1380001400926814,0.0,0.460661749252196,2.1938645284783886,0.0
İsmail Göksel,Adalet ve Kalkınma Partisi,-1,Pole -,59.0,0.0,5.29090016001364,8.99329627742774,0.0,8.99329627742774,5.29090016001364,0.0,0.37040236619645345,2.1782718621738053,0.0
Gürol Ergin,Cumhuriyet Halk Partisi,0,Neutral,225.0,1.895156670843994,0.0,0.0,2.913381712671475,1.895156670843994,2.913381712671475,0.0,0.3941232281615568,2.174451191449752,0.0
Fatih Metin,Bağımsız,1,Pole +,59.0,6.9969661343178,0.0,0.0,4.372577306846701,6.9969661343178,4.372577306846701,0.0,0.38458688592813556,2.174195031485334,0.0
Hüseyin Yıldız,Milliyetçi Hareket Partisi,-1,Pole -,516.0,0.7291050967407597,3.5671922915464105,4.579011738970047,0.0,5.308116835710807,3.5671922915464105,0.16970545348159216,0.40192316008342516,2.1730561455090154,0.0
Zekeriya Akıncı,Cumhuriyet Halk Partisi,1,Pole +,204.0,7.7618040123279,0.0,0.0,4.716756178738892,7.7618040123279,4.716756178738892,0.0,0.3779888149065111,2.171957062721197,0.0
Hulusi Güvel,Cumhuriyet Halk Partisi,-1,Pole -,153.0,0.0,6.494320369795259,4.112699929566338,0.0,4.112699929566338,6.494320369795259,0.0,0.38773376623274064,2.1651657959257884,0.0
Kamer Genç,Cumhuriyet Halk Partisi,-1,Pole -,2250.0,0.0,6.23676794046372,3.986811233354408,0.0,3.986811233354408,6.23676794046372,0.0,0.3899623766962544,2.163307491510922,0.0
Yaşar Tüzün,Cumhuriyet Halk Partisi,0,Neutral,110.0,0.673877581804698,1.4366828362142923,2.0003813728962037,0.3305207704450616,2.6742589547009015,1.767203606659354,0.3192884580475185,0.39788776373705087,2.1591972650364664,0.5788463333180213
Osman Özçelik,Bağımsız,1,Pole +,655.0,1.8171177370591096,0.0,0.27131703073052327,2.526286771053547,2.088434767789633,2.526286771053547,0.0,0.45255921722648584,2.1527146381005164,0.41332108235553927
Eyüp Fatsa,Adalet ve Kalkınma Partisi,1,Pole +,68.0,3.800417458092147,0.0,0.0,2.765188991401973,3.800417458092147,2.765188991401973,0.0,0.42116276877878783,2.150791742941617,0.0
Mehmet Akif Paksoy,Milliyetçi Hareket Partisi,1,Pole +,352.0,2.5188223903462252,0.0,0.0,3.368007493955812,2.5188223903462252,3.368007493955812,0.0,0.4278741596788968,2.1386713548333653,0.0
Turgut Dibek,Cumhuriyet Halk Partisi,1,Pole +,356.0,8.468858650365805,0.0,0.0,4.922309022983942,8.468858650365805,4.922309022983942,0.0,0.3675787760026656,2.1380049599422044,0.0
Cevdet Selvi,Cumhuriyet Halk Partisi,0,Neutral,103.0,2.5000336442990645,0.0,0.6988584139836866,1.9722103509007392,3.198892058282751,1.9722103509007392,0.0,0.3813906966949351,2.135832654283624,1.103131448128598
Kemal Unakıtan,Adalet ve Kalkınma Partisi,1,Pole +,517.0,4.00818032338321,0.0,0.0,6.463564995271822,4.00818032338321,6.463564995271822,0.0,0.3827614405270172,2.132505246592525,0.0
Fevzi Topuz,Cumhuriyet Halk Partisi,-1,Pole -,116.0,0.0,4.456775645722626,7.4572300785242325,0.0,7.4572300785242325,4.456775645722626,0.0,0.37407868927562404,2.1322269273703256,0.0
Şevket Köse,Cumhuriyet Halk Partisi,-1,Pole -,535.0,0.0,2.925463400691443,2.4271451026880473,0.2994821797597972,2.4271451026880473,3.22494558045124,0.0,0.4294243030280853,2.1290656989799155,0.4653212796825096
Ali Rıza Alaboyun,Adalet ve Kalkınma Partisi,0,Neutral,45.0,5.189692015576005,1.0097625011202915,0.6326908601901827,2.0038367302992395,5.822382875766188,3.013599231419531,0.16287924981753346,0.3410599064735216,2.118854633311747,1.0086942785654194
Sırrı Sakık,Bağımsız,-1,Pole -,809.0,0.0,3.8933135366097757,6.327291812562617,0.0,6.327291812562617,3.8933135366097757,0.0,0.38092788080738355,2.113078441198609,0.0
Hüsnü Çöllü,Cumhuriyet Halk Partisi,0,Neutral,169.0,0.0,1.7755498410548458,1.2950930477346336,0.0,1.2950930477346336,1.7755498410548458,0.0,0.4217660907561361,2.111682028365646,0.0
Atila Kaya,Milliyetçi Hareket Partisi,0,Neutral,71.0,1.1501256667793904,0.27250426937320704,0.0,1.2118491629663153,1.1501256667793904,1.4843534323395224,0.19154965199075313,0.4365666316075451,2.109937455855545,0.0
Ali Oksal,Cumhuriyet Halk Partisi,1,Pole +,97.0,3.2271682472517855,0.0,0.0,4.950608534579424,3.2271682472517855,4.950608534579424,0.0,0.39462659998583566,2.1014559148590206,0.0
Yaşar Ağyüz,Cumhuriyet Halk Partisi,-1,Pole -,503.0,0.0,5.558527715654746,3.4923935433048165,0.0,3.4923935433048165,5.558527715654746,0.0,0.3858605597150472,2.0937380773536844,0.0
Afif Demirkıran,Adalet ve Kalkınma Partisi,1,Pole +,48.0,3.72038515474692,0.31244489926118835,0.3017562116531531,2.439133078102372,4.022141366400073,2.7515779773635605,0.0774753448569407,0.40621375603502735,2.0870507045030267,0.46698099424598405
Hakkı Suha Okay,Cumhuriyet Halk Partisi,0,Neutral,616.0,1.9371845737000508,0.6752991893417974,0.26201335970330153,0.7877212586995036,2.1991979334033522,1.4630204480413012,0.25848933441677074,0.3994902256660855,2.080137308236926,0.8248793181337031
İsmet Büyükataman,Milliyetçi Hareket Partisi,1,Pole +,377.0,2.9822231951835576,0.7156202564323191,0.0,3.845889870020743,2.9822231951835576,4.561510126453062,0.19352367551581584,0.39532457838014307,2.073430538354232,0.0
Hüseyin Tanrıverdi,Adalet ve Kalkınma Partisi,1,Pole +,71.0,2.7360368451105046,0.0,0.26691322732967887,2.2138434719785707,3.0029500724401834,2.2138434719785707,0.0,0.42436861890436656,2.0702386285164938,0.4458065544887919
İsmail Bilen,Adalet ve Kalkınma Partisi,0,Neutral,109.0,2.732135644776705,1.8963614657591386,2.9434873621878905,0.9534850820412003,5.675623006964596,2.8498465478003387,0.409714302517925,0.3342744383942194,2.063010462007752,1.1228761690953628
Osman Kaptan,Cumhuriyet Halk Partisi,-1,Pole -,144.0,0.0,2.364541702212137,3.3705824195862313,0.0,3.3705824195862313,2.364541702212137,0.0,0.4122912863930126,2.050091859309678,0.0
Suat Kınıklıoğlu,Bağımsız,0,Neutral,45.0,0.28634363119331047,0.30097040401247804,0.7566656850215236,0.5796849969921622,1.0430093162148342,0.8806554010046403,0.4875477402909859,0.4578008800929543,2.0499140232783106,1.5348561215221195
Kamil Erdal Sipahi,Bağımsız,1,Pole +,373.0,8.091667794754763,0.3634895704419563,0.5559515611355923,4.318911105185685,8.647619355890354,4.682400675627641,0.042990278560061906,0.35126733974931257,2.041527390099411,0.5486842961936437
Vahap Seçer,Cumhuriyet Halk Partisi,0,Neutral,287.0,0.7037816620038333,0.0,0.0,0.730526445114559,0.7037816620038333,0.730526445114559,0.0,0.4906767646507238,2.0353882199170967,0.0
Hasip Kaplan,Bağımsız,0,Neutral,3322.0,1.162610916920475,0.0,0.0,1.6380009305286918,1.162610916920475,1.6380009305286918,0.0,0.4151274720787418,2.0350916887657005,0.0
Mustafa Ünal,Adalet ve Kalkınma Partisi,1,Pole +,110.0,3.06157820019535,0.0,0.0,4.924556488195639,3.06157820019535,4.924556488195639,0.0,0.38336170366152705,2.032422310797133,0.0
Mustafa Özyürek,Cumhuriyet Halk Partisi,0,Neutral,478.0,0.0,0.826636638212615,0.9708499337227221,0.0,0.9708499337227221,0.826636638212615,0.0,0.45988473608606617,2.0241208755532902,0.0
Rahmi Güner,Cumhuriyet Halk Partisi,1,Pole +,401.0,6.578650021751804,0.0,0.0,3.758030863174372,6.578650021751804,3.758030863174372,0.0,0.3635626275636591,2.0208399211904573,0.0
Hakan Coşkun,Milliyetçi Hareket Partisi,0,Neutral,72.0,3.6872532531165954,0.6359548638865075,0.6481776295862716,1.633680023781582,4.335430882702867,2.2696348876680896,0.1471025327784257,0.3436203311563696,2.020371739214973,1.1536245992227274
Rasim Çakır,Cumhuriyet Halk Partisi,1,Pole +,264.0,1.7313110675409942,0.0,0.0,2.21766771855384,1.7313110675409942,2.21766771855384,0.0,0.4384199462399941,2.017788818126019,0.0
Recep Taner,Milliyetçi Hareket Partisi,-1,Pole -,203.0,0.0,3.0455303136902243,2.086598881891262,0.0,2.086598881891262,3.0455303136902243,0.0,0.40657567297431774,1.9768360819638318,0.0
Nihat Ergün,Adalet ve Kalkınma Partisi,0,Neutral,505.0,0.0,3.098348515132932,1.7261084860135298,0.0,1.7261084860135298,3.098348515132932,0.0,0.35778295572860586,1.975303798376871,0.0
Ali Koçal,Cumhuriyet Halk Partisi,-1,Pole -,172.0,0.0,5.819414114182665,3.3089053091230567,0.0,3.3089053091230567,5.819414114182665,0.0,0.36248789676580845,1.969987535089917,0.0
Zafer Çağlayan,Adalet ve Kalkınma Partisi,-1,Pole -,422.0,0.0,3.2683876336035236,2.1749012876306493,0.0,2.1749012876306493,3.2683876336035236,0.0,0.3995564664493266,1.9660499228389585,0.0
Şerafettin Halis,Bağımsız,0,Neutral,383.0,0.7173145413015711,1.0393161649245457,0.7833687048969675,0.0,1.5006832461985387,1.0393161649245457,0.40834680752807595,0.40917968719363706,1.9606518814500746,0.0
Şaban Dişli,Adalet ve Kalkınma Partisi,1,Pole +,104.0,2.51209744922449,0.0,0.0,4.029042482842312,2.51209744922449,4.029042482842312,0.0,0.38404581998396375,1.9598180013257371,0.0
Durdu Özbolat,Cumhuriyet Halk Partisi,1,Pole +,107.0,2.4426460837250765,0.7299423397175372,0.9049653198336802,1.4697477248229625,3.3476114035587567,2.1996900645404995,0.2300778550705894,0.39653335532486833,1.9586258525776477,1.5626185817428746
Ömer Dinçer,Adalet ve Kalkınma Partisi,0,Neutral,116.0,0.0,1.3130608081198196,0.9443873218668717,0.0,0.9443873218668717,1.3130608081198196,0.0,0.4183428664002554,1.9487565538235863,0.0
Ergün Aydoğan,Cumhuriyet Halk Partisi,-1,Pole -,335.0,0.0,3.780668130445113,2.359637240402085,0.0,2.359637240402085,3.780668130445113,0.0,0.38428662704966277,1.936898177150427,0.0
Ali Öztürk,Adalet ve Kalkınma Partisi,1,Pole +,230.0,10.3731318720529,0.0,0.0,4.996909945498091,10.3731318720529,4.996909945498091,0.0,0.32510711450810964,1.9356536846088233,0.0
Sabahattin Çakmakoğlu,Milliyetçi Hareket Partisi,1,Pole +,55.0,8.948770878115285,0.0,0.0,4.418774975178959,8.948770878115285,4.418774975178959,0.0,0.33055992650733673,1.9221046549353982,0.0
Muharrem İnce,Cumhuriyet Halk Partisi,-1,Pole -,302.0,0.0,2.4872192257329515,4.150506909737364,0.0,4.150506909737364,2.4872192257329515,0.0,0.37470952772021987,1.9176334719075092,0.0
Ayhan Sefer Üstün,Adalet ve Kalkınma Partisi,-1,Pole -,289.0,0.0,4.360855661577141,8.851125381464698,0.0,8.851125381464698,4.360855661577141,0.0,0.3300682650875995,1.91539369387145,0.0
Emin Nedim Öztürk,Adalet ve Kalkınma Partisi,-1,Pole -,54.0,0.0,3.744257857451365,7.244176485614512,0.0,7.244176485614512,3.744257857451365,0.0,0.3407453455344519,1.914768278372875,0.0
Metin Arifağaoğlu,Cumhuriyet Halk Partisi,1,Pole +,85.0,5.520014366320091,0.0,0.6220990465170413,3.308666941474182,6.142113412837133,3.308666941474182,0.0,0.3500945760118866,1.9147360869375418,0.7276720825278062
Mehmet Serdaroğlu,Milliyetçi Hareket Partisi,0,Neutral,204.0,0.0,1.380821872711809,3.130482240330819,0.27275076625231653,3.130482240330819,1.6535726389641254,0.0,0.34564248954898696,1.9049616635040472,0.35706719280965393
Faruk Çelik,Adalet ve Kalkınma Partisi,0,Neutral,375.0,0.0,0.0,0.5607232415193006,0.5887348503634601,0.5607232415193006,0.5887348503634601,0.0,0.4878152974790459,1.9030795216614016,1.6548517579664364
Muhsin Yazıcıoğlu,Bağımsız,-1,Pole -,72.0,0.0,6.831956166704034,3.5435092013015517,0.0,3.5435092013015517,6.831956166704034,0.0,0.3415277363738309,1.8996345032915456,0.0
Hasan Angı,Adalet ve Kalkınma Partisi,0,Neutral,48.0,3.5242207261922367,0.0,0.6118655525886519,2.004585522205212,4.136086278780889,2.004585522205212,0.0,0.32644400919730987,1.8921831501729913,0.9812170491047765
Metin Ergun,Milliyetçi Hareket Partisi,0,Neutral,43.0,0.7422758699903019,0.6516994835915985,0.21512774834401033,0.7816106841884886,0.9574036183343122,1.433310167780087,0.46751148178445723,0.40046768605032473,1.8914568952744513,0.702522569043676
Ömer Çelik,Adalet ve Kalkınma Partisi,-1,Pole -,108.0,0.0,2.8508271482051537,5.225250333554644,0.0,5.225250333554644,2.8508271482051537,0.0,0.35299650780851033,1.8753725930876002,0.0
Osman Demir,Adalet ve Kalkınma Partisi,0,Neutral,63.0,0.7982607593880895,0.6468149957368948,0.6066257456113899,0.2715310869304226,1.4048865049994794,0.9183460826673174,0.447599368403598,0.3952880512899127,1.8541943371291028,0.9688925455330175
Sibel Gönül,Adalet ve Kalkınma Partisi,1,Pole +,133.0,4.661219722253099,0.0,0.0,10.319472696369845,4.661219722253099,10.319472696369845,0.0,0.31114848310665866,1.8445829743238817,0.0
Bayram Ali Bayramoğlu,Adalet ve Kalkınma Partisi,-1,Pole -,109.0,0.0,5.168939756442624,2.7158413308621383,0.0,2.7158413308621383,5.168939756442624,0.0,0.3444409299949312,1.8217034809438695,0.0
Recep Akdağ,Adalet ve Kalkınma Partisi,1,Pole +,173.0,2.0099948402864545,0.0,0.8355256992120421,1.7655089508261539,2.8455205394984966,1.7655089508261539,0.0,0.38288823659615345,1.8210028284535968,1.3459611526265711
Ahmet Türk,Bağımsız,0,Neutral,93.0,0.5907198041654479,0.7980901092625956,0.5901163764180165,0.0,1.1808361805834644,0.7980901092625956,0.4253424446560962,0.4032945102373592,1.8187202755608913,0.0
Akın Birdal,Bağımsız,0,Neutral,1012.0,1.5411196360775095,0.8789207041479872,0.6407913104738923,0.3013059495184983,2.181910946551402,1.1802266536664856,0.3631843193584558,0.3510346076374045,1.7937067142226522,1.023698300594675
Bilgin Paçarız,Cumhuriyet Halk Partisi,1,Pole +,57.0,5.007704061778773,0.0,0.6083929414441847,2.8215446940797424,5.616097003222958,2.8215446940797424,0.0,0.33439968121036934,1.7911477325615146,0.7916369210122851
Ömer Faruk Öz,Adalet ve Kalkınma Partisi,1,Pole +,64.0,1.5939349518763866,0.0,0.28271022534726903,3.2088262970799386,1.8766451772236556,3.2088262970799386,0.0,0.36902088357729373,1.790894637753224,0.3627955591163517
Atilla Kart,Cumhuriyet Halk Partisi,0,Neutral,834.0,0.0,0.8370932196108897,1.3153722853468255,0.0,1.3153722853468255,0.8370932196108897,0.0,0.38889971397633827,1.7906840340568526,0.0
Selahattin Demirtaş,Bağımsız,0,Neutral,346.0,0.8136965831721998,1.635933156691088,0.4099183075676828,0.6978798389873871,1.2236148907398827,2.333812995678475,0.3321712541281608,0.3439605606813483,1.7796379004340233,1.2420868438806694
Salih Kapusuz,Adalet ve Kalkınma Partisi,0,Neutral,67.0,0.28340441408467354,0.5945791245379357,2.1547841284517153,0.6618324074726373,2.438188542536389,1.2564115320105729,0.32279012224590403,0.34006699137106716,1.7741274695732525,1.0029908844827609
İlknur İnceöz,Adalet ve Kalkınma Partisi,1,Pole +,54.0,7.602835318354102,0.0,0.0,3.4810299547977976,7.602835318354102,3.4810299547977976,0.0,0.3140628173202109,1.7675356899458334,0.0
Behiç Çelik,Milliyetçi Hareket Partisi,0,Neutral,997.0,0.8407944317722551,0.28250112915029724,0.0,1.0806667759616086,0.8407944317722551,1.3631679051119059,0.25149314100982334,0.3814921958146667,1.7667616531239143,0.0
Ali İhsan Köktürk,Cumhuriyet Halk Partisi,1,Pole +,1182.0,5.324559674556447,0.0,0.0,2.632597709127703,5.324559674556447,2.632597709127703,0.0,0.3308465048328563,1.7528122026177135,0.0
Cemil Çiçek,Adalet ve Kalkınma Partisi,0,Neutral,790.0,0.7491612575247688,0.754647384855934,0.44543980377321835,0.0,1.1946010612979872,0.754647384855934,0.4981759220645149,0.3871478702254642,1.7393112210225408,0.0
Bülent Arınç,Adalet ve Kalkınma Partisi,-1,Pole -,304.0,0.2663534069062267,2.598074563251124,5.110994022890788,0.0,5.377347429797014,2.598074563251124,0.09298659613305223,0.32576013723035635,1.7266079717172866,0.0
Yahya Doğan,Adalet ve Kalkınma Partisi,1,Pole +,52.0,8.074895753374102,0.0,0.0,3.5311231216187107,8.074895753374102,3.5311231216187107,0.0,0.3042493002422114,1.7262619163197088,0.0
İsa Gök,Cumhuriyet Halk Partisi,1,Pole +,978.0,3.5539167750085943,0.0,0.0,1.9147917187233285,3.5539167750085943,1.9147917187233285,0.0,0.3501360002216012,1.724491938703453,0.0
MHP GRUBU ADINA ŞENOL BAL,Milliyetçi Hareket Partisi,0,Neutral,85.0,3.2984976245456625,0.3613205500293903,0.2658904872488147,1.1982221469513685,3.5643881117944773,1.5595426969807589,0.0987263663645305,0.3043645113250795,1.7012941294569421,0.6586964436726633
Ali Uzunırmak,Milliyetçi Hareket Partisi,1,Pole +,338.0,2.082082296229432,0.6470820987127792,0.0,3.453786948549514,2.082082296229432,4.100869047262293,0.23709898153254408,0.33674570285666566,1.6995960093848068,0.0
Abdurrahman Arıcı,Adalet ve Kalkınma Partisi,0,Neutral,108.0,1.488122405277634,1.386631974750606,0.29463120078636795,2.932431896582508,1.7827536060640021,4.319063871333114,0.4823479821099138,0.2921676389658763,1.69138651261285,0.40197311557043974
Tansel Barış,Cumhuriyet Halk Partisi,1,Pole +,131.0,3.8461289776964325,0.0,0.0,1.9601440682669904,3.8461289776964325,1.9601440682669904,0.0,0.33759074924871313,1.682781922445554,0.0
Osman Coşkunoğlu,Cumhuriyet Halk Partisi,0,Neutral,123.0,0.7750897297714412,0.30575510842237447,0.0,1.0467362777108122,0.7750897297714412,1.3524913861331866,0.2828852924444106,0.36430560678180046,1.672658492832287,0.0
Ahmet Ersin,Bağımsız,1,Pole +,160.0,5.091019933740421,0.0,0.27131703073052327,2.4663308935715973,5.362336964470945,2.4663308935715973,0.0,0.3150383868595025,1.6639586008093856,0.4202565712562119
Ali Rıza Ertemür,Cumhuriyet Halk Partisi,0,Neutral,64.0,0.0,0.9387933788715588,0.6070378126414108,0.0,0.6070378126414108,0.9387933788715588,0.0,0.39269346845989306,1.6618717613764906,0.0
Nuri Uslu,Adalet ve Kalkınma Partisi,1,Pole +,43.0,1.2922571965886376,0.0,0.0,2.2039279678323163,1.2922571965886376,2.2039279678323163,0.0,0.36961920935130016,1.6566053286227251,0.0
Nesrin Baytok,Cumhuriyet Halk Partisi,-1,Pole -,109.0,0.0,1.8951180440718551,3.798672007628223,0.0,3.798672007628223,1.8951180440718551,0.0,0.33283946659978486,1.6526320192708874,0.0
Reşat Doğru,Milliyetçi Hareket Partisi,0,Neutral,386.0,2.181928460957929,2.1226561046578003,3.5088337995486345,0.0,5.690762260506563,2.1226561046578003,0.4931152058482233,0.27166804658123284,1.649513618921935,0.0
Musa Sıvacıoğlu,Adalet ve Kalkınma Partisi,1,Pole +,116.0,8.921547359910958,0.0,0.0,3.55662460387618,8.921547359910958,3.55662460387618,0.0,0.2850276958766733,1.6377854357110657,0.0
Tayfun İçli,Bağımsız,1,Pole +,1432.0,5.917645816068389,0.0,0.0,2.5198182682298045,5.917645816068389,2.5198182682298045,0.0,0.29864639929199177,1.5996358808621174,0.0
Haydar Kemal Kurt,Adalet ve Kalkınma Partisi,0,Neutral,134.0,0.30561200981127135,0.5994404520982185,1.5899251476967695,0.3137540913867583,1.8955371575080409,0.9131945434849769,0.33767325358003497,0.3251270111833725,1.5949470190656878,0.6400505782317922
Ahmet Duran Bulut,Milliyetçi Hareket Partisi,-1,Pole -,129.0,0.0,8.265220392982185,3.204307416710929,0.0,3.204307416710929,8.265220392982185,0.0,0.2793757048763187,1.5818394954306743,0.0
Necla Arat,Cumhuriyet Halk Partisi,-1,Pole -,89.0,0.0,1.7271867026018815,3.670612928828684,0.0,3.670612928828684,1.7271867026018815,0.0,0.3199797732810897,1.5718207451000976,0.0
Mustafa Demir,Adalet ve Kalkınma Partisi,-1,Pole -,86.0,0.0,2.519987752674232,6.179144654411714,0.0,6.179144654411714,2.519987752674232,0.0,0.2896826527587824,1.560429705201426,0.0
Halil Ünlütepe,Cumhuriyet Halk Partisi,0,Neutral,1093.0,0.2959387118351554,0.6169940483850607,0.2384219736508035,0.2652617550097027,0.5343606854859589,0.8822558033947634,0.32416265951460316,0.37720913832575215,1.559473452189888,1.2352182537706222
İbrahim Binici,Bağımsız,1,Pole +,148.0,3.781174488538119,0.0,0.0,1.7373874898389357,3.781174488538119,1.7373874898389357,0.0,0.3148261261414799,1.5534198767026943,0.0
Cevdet Yılmaz,Adalet ve Kalkınma Partisi,0,Neutral,410.0,0.27297448401644575,0.2756086472782788,0.0,0.0,0.27297448401644575,0.2756086472782788,0.49759912025474223,0.49759912025474223,1.538658350100047,0.0
Ali Osman Sali,Adalet ve Kalkınma Partisi,-1,Pole -,66.0,0.0,3.5687568418929803,10.008656921149816,0.0,10.008656921149816,3.5687568418929803,0.0,0.26284511203040417,1.532446201723171,0.0
Şahin Mengü,Cumhuriyet Halk Partisi,1,Pole +,776.0,3.805559164938815,0.3122068570120994,0.571798584950314,1.5756330959953666,4.377357749889129,1.8878399530074659,0.07581947475207991,0.3013216888324749,1.524763121209058,1.0655107145535663
Rıdvan Yalçın,Milliyetçi Hareket Partisi,1,Pole +,619.0,3.0462176352822716,0.0,0.0,1.445031876158458,3.0462176352822716,1.445031876158458,0.0,0.32174384258895655,1.5218076930826,0.0
Abdülkadir Akcan,Milliyetçi Hareket Partisi,0,Neutral,207.0,0.0,0.0,0.2563945265293664,0.2575499766299273,0.2563945265293664,0.2575499766299273,0.0,0.49887589896262147,1.5078089079914256,1.3111381808621094
Kadir Ural,Milliyetçi Hareket Partisi,0,Neutral,95.0,0.2930659046743262,0.8604600855700215,1.6650964852075827,0.0,1.958162389881909,0.8604600855700215,0.25406094608946433,0.3052768126127926,1.4987864390258288,0.0
Beşir Atalay,Adalet ve Kalkınma Partisi,0,Neutral,590.0,1.9087631453165188,0.0,3.1944429422632963,1.7266336298656602,5.1032060875798155,1.7266336298656602,0.0,0.25280734263829185,1.4960933991018799,1.691344334823837
Deniz Baykal,Cumhuriyet Halk Partisi,0,Neutral,519.0,0.3123561548095927,0.7459757375595948,0.23360863636155488,0.26103951147437,0.5459647911711476,1.0070152490339648,0.2951400754022544,0.3515594384249001,1.489611718038774,1.2244743724929836
Abdullah Çalışkan,Adalet ve Kalkınma Partisi,0,Neutral,59.0,0.35082216170471053,0.0,0.4600782888859853,0.47314932711883695,0.8109004505906958,0.47314932711883695,0.0,0.36848207519988124,1.482958510406317,1.5735170884627339
Atila Emek,Cumhuriyet Halk Partisi,0,Neutral,310.0,0.0,0.8159275021183792,0.4733110722337715,0.0,0.4733110722337715,0.8159275021183792,0.0,0.3671245037827761,1.479146247724341,0.0
Ahmet İyimaya,Adalet ve Kalkınma Partisi,1,Pole +,264.0,0.8895920837921375,0.0,0.0,1.61475413863434,0.8895920837921375,1.61475413863434,0.0,0.35521928855946544,1.4751367424242738,0.0
Agah Kafkas,Adalet ve Kalkınma Partisi,0,Neutral,161.0,0.2806097554697669,0.22967134830399583,0.29807643347397467,0.9032760285605502,0.5786861889437416,1.132947376864546,0.4500878949962737,0.33808999786258437,1.4694535201167938,0.8523024036463163
Cahit Bağcı,Adalet ve Kalkınma Partisi,-1,Pole -,62.0,0.0,4.176513016904802,1.731885206789309,0.0,1.731885206789309,4.176513016904802,0.0,0.293122626628467,1.466198734135931,0.0
Deniz Bölükbaşı,Milliyetçi Hareket Partisi,1,Pole +,282.0,7.994856905557604,0.0,0.0,2.8323525797786897,7.994856905557604,2.8323525797786897,0.0,0.26159580484270284,1.4661465907053222,0.0
Hakkı Köylü,Adalet ve Kalkınma Partisi,0,Neutral,173.0,0.0,0.45128981789537304,1.5293753588951424,0.25011042942657347,1.5293753588951424,0.7014002473219465,0.0,0.3144199017833753,1.4604322953950808,0.5365476927912561
Canan Kalsın,Adalet ve Kalkınma Partisi,0,Neutral,81.0,1.5239784250617798,0.0,0.9618270157678765,0.9765333283173789,2.4858054408296564,0.9765333283173789,0.0,0.2820444194361456,1.4505975479319362,1.9357731446935347
Ahmet Tan,Bağımsız,0,Neutral,53.0,1.4355967284940565,0.8516816612500141,1.9736851794020014,0.36692587852379877,3.409281907896058,1.2186075397738128,0.37235592514514815,0.26331820439748405,1.4412775330194798,0.6405782957530662
Hamit Homriş,Bağımsız,-1,Pole -,76.0,0.0,3.157760538274629,1.3647020618055987,0.0,1.3647020618055987,3.157760538274629,0.0,0.301760828598036,1.4293620882920888,0.0
Ahmet Kenan Tanrıkulu,Milliyetçi Hareket Partisi,0,Neutral,217.0,0.0,0.6064955292144987,1.286613658635653,0.0,1.286613658635653,0.6064955292144987,0.0,0.32037007309804233,1.4287564449143213,0.0
Sedat Kızılcıklı,Bağımsız,0,Neutral,93.0,0.7378348643493614,0.6190209289406463,0.5932622591876661,0.0,1.3310971235370275,0.6190209289406463,0.4562171835398005,0.3174274130926265,1.4262427127084725,0.0
Bengi Yıldız,Bağımsız,0,Neutral,644.0,0.7698943528298253,1.1397407048732466,2.4682564081105847,0.0,3.23815076094041,1.1397407048732466,0.40316308046454635,0.26034010059705287,1.4084969893496846,0.0
Ertuğrul Kumcuoğlu,Milliyetçi Hareket Partisi,-1,Pole -,241.0,0.0,2.238921470280265,1.044162683930474,0.0,1.044162683930474,2.238921470280265,0.0,0.31804322842996086,1.4056776457840752,0.0
Bülent Baratalı,Bağımsız,0,Neutral,269.0,0.0,0.6631745916207088,1.5625864391824391,0.0,1.5625864391824391,0.6631745916207088,0.0,0.29795408498254344,1.3831935900456809,0.0
Orhan Ziya Diren,Cumhuriyet Halk Partisi,-1,Pole -,170.0,0.3122068570120994,2.7118661651126814,0.857751327549496,0.0,1.1699581845615954,2.7118661651126814,0.10324051523382044,0.301393901132691,1.3820214696458815,0.0
Ertuğrul Günay,Adalet ve Kalkınma Partisi,0,Neutral,300.0,2.2903908553727073,0.0,0.5754688080140317,1.0126256867344998,2.865859663386739,1.0126256867344998,0.0,0.26108792352193827,1.3765255476560243,1.3430259153527497
Veysi Kaynak,Bağımsız,1,Pole +,319.0,1.6170007356638847,0.0,0.27177826684576706,0.894227624391468,1.8887790025096518,0.894227624391468,0.0,0.3213171019523852,1.3677435422414779,0.7939311188360938
Egemen Bağış,Adalet ve Kalkınma Partisi,0,Neutral,399.0,3.6030252601307646,0.0,1.1411045443087058,1.459282286217619,4.744129804439471,1.459282286217619,0.0,0.23523865006166428,1.3662573915560126,1.8385730912411236
Mehmet Sevigen,Cumhuriyet Halk Partisi,0,Neutral,47.0,1.124237650675993,0.30453358607671505,1.258287608780821,0.5610322392975515,2.382525259456814,0.8655658253742666,0.21314369860616114,0.26648446810807236,1.3512256057164174,1.1838772263150197
Ahmet Bukan,Milliyetçi Hareket Partisi,0,Neutral,56.0,2.322236563178919,0.2667299266905091,0.0,0.5384374399776399,2.322236563178919,0.805167366668149,0.10302563885287512,0.2574555076580935,1.294372071547361,0.0
Mehmet Mustafa Açıkalın,Adalet ve Kalkınma Partisi,0,Neutral,157.0,0.349209506798372,0.6994987368346092,0.0,0.0,0.349209506798372,0.6994987368346092,0.33299014152461975,0.33299014152461975,1.2651786868945434,0.0
Nur Serter,Cumhuriyet Halk Partisi,-1,Pole -,86.0,0.0,0.6234402504511236,1.321255143244425,0.0,1.321255143244425,0.6234402504511236,0.0,0.3205850397710877,1.25167340234052,0.0
Ali Babacan,Adalet ve Kalkınma Partisi,0,Neutral,236.0,0.3203683262769182,0.0,0.272082422206182,0.3093494589702066,0.5924507484831002,0.3093494589702066,0.0,0.3430354706845513,1.2461623666867,1.2836620444449838
Fatma Şahin,Adalet ve Kalkınma Partisi,0,Neutral,49.0,1.760636150756537,0.0,1.7502779465602227,1.0129142011106496,3.5109140973167596,1.0129142011106496,0.0,0.22390642041804645,1.219751111353349,1.5578052666191227
Enis Tütüncü,Cumhuriyet Halk Partisi,0,Neutral,482.0,0.0,1.3372320930227142,0.5021183806665926,0.0,0.5021183806665926,1.3372320930227142,0.0,0.27298678939988735,1.2085868664515482,0.0
Algan Hacaloğlu,Cumhuriyet Halk Partisi,0,Neutral,363.0,0.2620720234679472,0.0,1.2564267699170237,0.5383553573696269,1.518498793384971,0.5383553573696269,0.0,0.2617372539080534,1.1917449766971375,1.1475714727099864
Gültan Kışanak,Bağımsız,0,Neutral,646.0,0.5731426211220252,0.5125960447580589,2.2440716080548095,0.30252577060978114,2.8172142291768347,0.81512181536784,0.4721173339354536,0.22440704966371336,1.1663914066594718,0.4952868585076933
Mustafa Kalaycı,Milliyetçi Hareket Partisi,0,Neutral,698.0,0.0,0.0,0.6931198187247952,0.30200505944370654,0.6931198187247952,0.30200505944370654,0.0,0.30348458345856394,1.1354595223227808,0.9873561063676356
Sebahat Tuncel,Bağımsız,0,Neutral,539.0,0.5881838266924632,0.0,0.0,0.27089964044491505,0.5881838266924632,0.27089964044491505,0.0,0.3153356460604068,1.1287032300518258,0.0
Beytullah Asil,Milliyetçi Hareket Partisi,1,Pole +,279.0,4.815376462606027,0.0,0.5306403415914069,1.4099622304878938,5.346016804197434,1.4099622304878938,0.0,0.20869843186907802,1.0717096364783874,1.0670425793731106
Mehmet Şimşek,Adalet ve Kalkınma Partisi,0,Neutral,1159.0,0.34475656514014846,0.3133096225612045,0.5601797219984417,0.0,0.9049362871385902,0.3133096225612045,0.476106549676255,0.2571809351539137,1.019949654725144,0.0
Nurettin Akman,Adalet ve Kalkınma Partisi,0,Neutral,96.0,3.7812244759840183,0.34098345267922886,2.609588378598199,0.9453165720803003,6.390812854582217,1.286300024759529,0.08271864459469044,0.16754996895424956,1.0139560416895177,1.1962080180010128
Gökhan Durgun,Cumhuriyet Halk Partisi,-1,Pole -,129.0,0.72057443877707,0.9046316140922392,4.28382936598927,0.2821978117191563,5.00440380476634,1.1868294258113956,0.4433742029581529,0.19169515691285813,0.9677634318647721,0.29333574249955147
Recep Tayyip Erdoğan,Adalet ve Kalkınma Partisi,0,Neutral,728.0,0.0,0.2936566287795551,0.22040164787722874,0.29032624458992723,0.22040164787722874,0.5839828733694823,0.0,0.27400035900943137,0.9609707191133888,1.131664784860054
Cemaleddin Uslu,Milliyetçi Hareket Partisi,0,Neutral,665.0,0.0,0.8359165741358127,0.2621369251522908,0.0,0.2621369251522908,0.8359165741358127,0.0,0.238728736881684,0.9192069646466565,0.0
İbrahim Hasgür,Bağımsız,1,Pole +,64.0,4.216095775520096,0.7291050967407597,0.28271022534726903,0.2767767640531689,4.498806000867365,1.0058818607939286,0.1474369020443833,0.18273186162232738,0.9011816734899974,1.339242259714173
Bekir Bozdağ,Adalet ve Kalkınma Partisi,0,Neutral,645.0,0.0,0.7572225716233146,0.39855597395736375,0.9634898314250637,0.39855597395736375,1.7207124030483785,0.0,0.1880630023519767,0.8626340965586091,1.0407779116733409
Hilmi Güler,Adalet ve Kalkınma Partisi,0,Neutral,124.0,1.037955767018911,0.0,0.0,0.27911996688826707,1.037955767018911,0.27911996688826707,0.0,0.2119240067147226,0.8588939252391427,0.0
Şinasi Öktem,Cumhuriyet Halk Partisi,0,Neutral,74.0,0.6606806835956572,0.3000728501066733,0.5321671044066967,0.0,1.192847788002354,0.3000728501066733,0.3123307271512091,0.20099718782490428,0.8427728174337961,0.0
MHP GRUBU ADINA S. NEVZAT KORKMAZ,Milliyetçi Hareket Partisi,-1,Pole -,262.0,1.0349347280144237,1.2229853281900605,5.388176862857291,0.0,6.423111590871715,1.2229853281900605,0.4583575599641776,0.15994897017080703,0.8410578986941297,0.0
Tayfur Süner,Cumhuriyet Halk Partisi,0,Neutral,201.0,0.0,0.33215169913382603,1.4494468321625713,0.0,1.4494468321625713,0.33215169913382603,0.0,0.18643465018221472,0.8187051690008181,0.0
Kürşat Atılgan,Milliyetçi Hareket Partisi,0,Neutral,204.0,1.2637687145573642,0.0,0.38906717076679076,0.34317084371432216,1.652835885324155,0.34317084371432216,0.0,0.1719287007152059,0.7770053138639227,1.3874280330864883
Haluk Koç,Cumhuriyet Halk Partisi,0,Neutral,125.0,0.46675233913243996,0.0,1.0341806861235567,0.31378723861135177,1.5009330252559967,0.31378723861135177,0.0,0.17291218083922638,0.762906034465901,0.8256237999494352
Ahmet Yeni,Adalet ve Kalkınma Partisi,0,Neutral,256.0,0.30104896159093114,0.8466771198115732,0.0,0.6417487862746526,0.30104896159093114,1.488425906086226,0.2623003573820971,0.16823313188716482,0.7396101331654228,0.0
Orhan Karasayar,Adalet ve Kalkınma Partisi,0,Neutral,50.0,0.0,0.31702696830972416,0.258422023061511,0.9968809420243904,0.258422023061511,1.3139079103341145,0.0,0.1643561045353014,0.6986842989430369,0.7159177780015099
Fatma Kurtulan,Bağımsız,0,Neutral,539.0,0.0,1.4017025678470332,0.2697974865570595,0.0,0.2697974865570595,1.4017025678470332,0.0,0.1614103964189428,0.6972417359093778,0.0
Lütfi Elvan,Adalet ve Kalkınma Partisi,0,Neutral,106.0,0.0,1.4982822993916467,0.2695824471987425,0.0,0.2695824471987425,1.4982822993916467,0.0,0.15249042528065854,0.668316068718576,0.0
Tekin Bingöl,Cumhuriyet Halk Partisi,0,Neutral,128.0,0.0,1.3620018612028455,0.24852108289393068,0.0,0.24852108289393068,1.3620018612028455,0.0,0.1543107992658851,0.6601359203351608,0.0
Murat Özkan,Milliyetçi Hareket Partisi,0,Neutral,242.0,0.3578860876945179,1.0498249715239139,0.0,1.2782914993312247,0.3578860876945179,2.3281164708551385,0.2542326318292799,0.1332411566110057,0.6468816730417238,0.0
Mehmet Şandır,Milliyetçi Hareket Partisi,0,Neutral,1464.0,1.393769171002195,0.34135666363423545,0.8252588170892834,0.0,2.2190279880914785,0.34135666363423545,0.19673308795441252,0.13332241437661982,0.6400429788238918,0.0
Hasan Çalış,Milliyetçi Hareket Partisi,0,Neutral,192.0,1.6167830916597292,0.0,0.3041820417087611,0.3069270675457315,1.9209651333684903,0.3069270675457315,0.0,0.13776567254107602,0.6396991512125576,1.388633174336133
Binali Yıldırım,Adalet ve Kalkınma Partisi,-1,Pole -,240.0,0.0,0.9625126207462842,7.45604433871405,0.0,7.45604433871405,0.9625126207462842,0.0,0.11433225732948574,0.6121411267624917,0.0
Murat Başesgioğlu,Bağımsız,0,Neutral,166.0,1.859203750229406,0.29390448260883134,0.8094553357287986,0.0,2.668659085958205,0.29390448260883134,0.13650241914913055,0.09920613539839888,0.4926669552949688,0.0
Mehmet Aydın,Adalet ve Kalkınma Partisi,-1,Pole -,180.0,0.6470820987127792,0.5820455902226598,5.957232348447463,0.0,6.604314447160243,0.5820455902226598,0.4735436317875421,0.08099310180869167,0.4208896665924366,0.0
Süleyman Latif Yunusoğlu,Milliyetçi Hareket Partisi,0,Neutral,256.0,1.740597552523443,0.3287077405587468,2.166821459062192,0.0,3.9074190115856346,0.3287077405587468,0.158849320831869,0.0775962948499486,0.4169025428915098,0.0
Mustafa Elitaş,Adalet ve Kalkınma Partisi,0,Neutral,413.0,0.0,0.0,0.0,0.2549624452487961,0.0,0.2549624452487961,0.0,0.0,0.0,0.0
Münir Kutluata,Milliyetçi Hareket Partisi,0,Neutral,211.0,0.0,0.2542477309290848,0.0,0.0,0.0,0.2542477309290848,0.0,0.0,0.0,0.0
Kemal Kılıçdaroğlu,Cumhuriyet Halk Partisi,0,Neutral,230.0,0.5662592971593734,0.0,0.0,0.0,0.5662592971593734,0.0,0.0,0.0,0.0,0.0
Süleyman Turan Çirkin,Milliyetçi Hareket Partisi,0,Neutral,44.0,0.6108873059436145,0.0,0.5855019202481387,0.0,1.1963892261917533,0.0,0.0,0.0,0.0,0.0
Osman Çakır,Milliyetçi Hareket Partisi,0,Neutral,146.0,0.7032671445785363,0.0,0.5891354572886465,0.0,1.2924026018671828,0.0,0.0,0.0,0.0,0.0
Oğuz Oyan,Bağımsız,0,Neutral,360.0,0.0,0.27390177599283305,0.0,0.0,0.0,0.27390177599283305,0.0,0.0,0.0,0.0
Pervin Buldan,Bağımsız,0,Neutral,522.0,0.0,0.0,0.0,0.0,0.0,0.0,0.0,0.0,0.0,0.0
Bihlun Tamaylıgil,Cumhuriyet Halk Partisi,0,Neutral,147.0,0.0,0.6645364591797349,0.0,0.0,0.0,0.6645364591797349,0.0,0.0,0.0,0.0
Gündüz Suphi Aktan,Milliyetçi Hareket Partisi,0,Neutral,49.0,0.0,0.0,0.0,0.0,0.0,0.0,0.0,0.0,0.0,0.0
Süleyman Nevzat Korkmaz,Milliyetçi Hareket Partisi,0,Neutral,136.0,0.0,0.27394992580357885,0.0,0.2483131232353153,0.0,0.5222630490388942,0.0,0.0,0.0,0.0
Bayram Meral,Cumhuriyet Halk Partisi,0,Neutral,74.0,0.0,0.2935910692005247,0.0,0.0,0.0,0.2935910692005247,0.0,0.0,0.0,0.0
Akif Hamzaçebi,Cumhuriyet Halk Partisi,0,Neutral,1188.0,0.0,0.27594970678958747,0.0,0.0,0.0,0.27594970678958747,0.0,0.0,0.0,0.0
Bülent Gedikli,Adalet ve Kalkınma Partisi,0,Neutral,47.0,0.0,0.0,0.0,0.6069432449080124,0.0,0.6069432449080124,0.0,0.0,0.0,0.0
Mithat Melen,Milliyetçi Hareket Partisi,0,Neutral,790.0,0.0,0.7186456039850204,0.0,0.0,0.0,0.7186456039850204,0.0,0.0,0.0,0.0
Esfender Korkmaz,Cumhuriyet Halk Partisi,0,Neutral,291.0,0.0,0.0,0.0,0.2215822234206054,0.0,0.2215822234206054,0.0,0.0,0.0,0.0
Mustafa Enöz,Milliyetçi Hareket Partisi,0,Neutral,279.0,0.0,0.0,0.0,0.0,0.0,0.0,0.0,0.0,0.0,0.0
Oktay Vural,Milliyetçi Hareket Partisi,0,Neutral,934.0,0.5189029440914095,0.0,0.0,0.0,0.5189029440914095,0.0,0.0,0.0,0.0,0.0
Mehmet Günal,Milliyetçi Hareket Partisi,0,Neutral,626.0,0.3277023412086773,0.0,0.0,0.0,0.3277023412086773,0.0,0.0,0.0,0.0,0.0
