year,agriculture_value_added_gdp_percent,bank_nonperforming_loans_percent,broad_money_gdp_percent,central_government_debt_gdp_percent,cpi_index_2010_100,current_account_balance_gdp_percent,domestic_credit_private_sector_gdp_percent,employment_to_population_percent,expense_gdp_percent,exports_gdp_percent,external_balance_goods_services_gdp_percent,external_debt_gni_percent,fdi_net_inflows_gdp_percent,final_consumption_expenditure_gdp_percent,gdp_current_usd,gdp_growth_annual_percent,gdp_per_capita_current_usd,gdp_per_capita_growth_percent,gini_index,government_consumption_gdp_percent,gross_capital_formation_gdp_percent,gross_savings_gdp_percent,imports_gdp_percent,industry_value_added_gdp_percent,inflation_cpi_annual_percent,labor_force_participation_percent,net_lending_borrowing_gdp_percent,official_exchange_rate_lcu_per_usd,population_growth_percent,population_total,revenue_excluding_grants_gdp_percent,services_value_added_gdp_percent,tax_revenue_gdp_percent,total_reserves_usd,trade_gdp_percent,unemployment_total_percent
2002,10.1712688801184,,38.5764610990871,,46.0963443572496,-0.259990521546323,,44.442,,25.2651261294128,2.42764213538544,55.901957136984,0.449376588359619,76.0463684806703,240778008473.845,6.43550883793114,3591.08628982587,5.15974085311868,41.4,12.9856384925038,21.525989356389,23.0727365940066,22.8374839940274,24.6318670867085,44.964120947985,49.577,,1.50722641666667,1.20587153637377,67048795.0,,53.5798335907302,,28348030216.9613,48.1026101234402,10.358
2003,9.77425990072158,,33.8441860628853,,56.05427877429,-2.39510781690365,,43.236,,23.1946607252779,0.0211661117711708,48.0065470233487,0.539644361182156,77.1220527625819,315392899922.379,5.79909321038525,4649.63668068586,4.57792705344551,42.2,12.7773523588905,22.8567811256469,21.4394238050065,23.1734946135067,24.8432929751477,21.6024384490573,48.331,,1.50088520858333,1.16094416683032,67831730.0,,53.1447158950484,,35548509276.1176,46.3681553387846,10.542
2004,9.30334217653319,,33.0972625961229,,60.8739723467862,-3.46160310805252,,41.287,,23.8544386839448,-1.2845801756369,41.0343944750811,0.679008638958041,76.1168067890229,410156784495.948,9.92540551918624,5979.6054216148,8.70602046453412,41.3,12.5334888843241,25.167773403717,22.7880020234274,25.1390188595817,25.1592284848331,8.59826168115262,46.306,,1.42553725,1.11548254617054,68592617.0,,53.0924442854082,,37304121308.7358,48.9934575435266,10.838
2005,9.1349746278064,4.31589850311115,38.5264224535963,,65.8529521674141,-4.12736838327371,,41.493,,22.118798245903,-2.07123439281512,35.5841267097801,1.97338571270823,74.5037635212536,508314210212.544,9.11157745861635,7331.85429430255,7.95177362643042,42.6,12.4350798254823,27.5674708715615,24.7258467551369,24.1900326387181,25.2941440738888,8.17916036802008,46.431,,1.34358310833333,1.06864181704433,69329557.0,,53.0676190740982,,52493941950.0754,46.3088308846211,10.636
2006,8.06197674009426,3.58098683705457,40.2104267814276,,72.1730194319881,-5.5679426761279,,41.54,,22.6756853295786,-3.59430600497415,39.4750573117788,3.60660172381881,73.4365910877905,559668118237.002,7.06762607623939,7990.08251407245,5.97350417809075,39.6,13.2076961574803,30.1577149171837,25.8179668236582,26.2699913345528,26.0949736856779,9.59724212288446,46.272,,1.42845341333845,1.02715519431982,70045349.0,,53.4630321736613,,63264841173.6432,48.9456766641314,10.227
2007,7.41825141005247,3.3213977793724,41.4884884910048,,78.4926195814649,-5.39177822047968,,41.475,,22.1875803331528,-3.65230751340748,39.8040022720477,3.21746696332257,74.1029661860367,685228481017.03,5.10818513903604,9766.91734545294,4.93924794926627,38.4,13.7336819624854,29.5493413273707,25.2830780835417,25.8398878465602,26.4310925169888,8.75618090972632,46.23,,1.30293090533794,0.160856263475951,70158112.0,,54.9271377639359,,76496127491.481,48.027468179713,10.285
2008,7.38022403324347,3.44167340058132,45.8136833548705,41.0318813015611,86.6904895366218,-5.0844969449165,33.1628558443028,41.745,30.1458278135473,23.9213779600098,-2.91849408664854,38.5984279883647,2.56004537243285,73.1922933490997,775415944332.866,0.920118221365883,10913.4079047769,-0.349081731358567,39.0,13.9839462008484,29.7262007474574,26.1091140699053,26.8398720466583,26.2111946844741,10.4441283764885,46.886,-1.82099814733587,1.30152170281795,1.26560336535681,71051678.0,30.873317828598,55.5939145088505,17.4414983022934,73674684815.6172,50.7612500066681,10.965
2009,8.01952664747498,4.96997625418198,51.3950065544163,48.4871401208098,92.1094917787743,-1.73697758122388,36.8190783164554,41.164,35.3173242047987,23.7578595278795,0.476580482539053,44.5736356122904,1.31290302296241,75.8285438425115,653894449921.288,-4.88269401706633,9076.92472236977,-6.18658127732729,39.0,16.2099712125889,23.6948756749495,23.357563501902,23.2812790453404,24.0534082630626,6.25097663090626,47.88,-5.0696117044268,1.54995977566564,1.3803027157145,72039206.0,31.4805609082016,57.2740017785727,18.0494564965647,74933099954.2986,47.0391385732199,14.026
2010,8.90737962747164,3.48959158482402,52.5066224847327,45.1797411840038,100.0,-5.70254261669491,44.0459707563417,43.007,32.6419229851543,21.5899457839207,-3.76344510314783,41.0990751678409,1.16274364749147,75.3113673290991,782545664268.333,8.54219848467686,10698.9699409757,6.90544093016851,38.8,14.6884914691775,28.4520777825517,24.0439420609212,25.3533908870685,24.5086143505767,8.56644420552976,48.804,-2.73706177865043,1.5028486296723,1.51943093763293,73142150.0,31.3740275795167,54.658291110913,18.814982327029,85959461665.9826,46.9433366709891,11.879
2011,8.1265846445357,2.57632211204451,50.3109063460313,39.9693425323809,106.471879671151,-8.81351105932507,48.7422084050823,44.983,30.1444408136135,23.4903574412774,-6.67086901506326,38.6013112607881,1.91686136260632,74.7125827820943,844192507380.795,10.9799625273598,11373.6355760885,9.36292358017863,40.0,14.0398285658332,31.958286232969,24.6322351342824,30.1612264563406,26.8475365830986,6.471879671151,49.864,-0.726181221783564,1.67495455197133,1.46777416449143,74223629.0,30.5733274427087,53.1764169502883,18.5508150286553,87937253858.338,53.651583897618,9.789
2012,7.658344974583,2.7433675978872,49.4029495346267,37.6997174684634,115.938901345291,-4.72096418758118,51.5586765950105,45.357,29.4208604116485,24.9658181147838,-3.39612506729306,40.4357594121779,1.55241965245755,73.9745868556909,885327622479.052,4.80762696633448,11776.7593362033,3.48010432023058,40.2,14.4431255231411,29.421538205313,25.4451759921484,28.3619431820769,26.6835564000517,8.89156996512163,49.958,-0.127730797432328,1.79600094441355,1.27471801981307,75175827.0,30.621624698759,54.0902575185714,18.1051408438041,119182965975.41,53.3277612968607,9.21
2013,6.64997261417217,2.63627102630174,51.9555839485783,31.7836465280795,124.626307922272,-5.12686124176872,59.9792914244143,45.902,28.9891426072392,24.403259811358,-4.26183338158831,42.3711460982425,1.40962960980578,72.896890187962,962167643588.925,8.48825689298511,12635.5570016068,7.10372830173409,40.2,14.2663052756586,31.3649431990856,26.3399370821622,28.6650931929463,27.7513691316392,7.49309030547693,50.84,0.279509002150069,1.90376824244752,1.28441474668,76147624.0,30.8565141953979,53.3643455931878,18.3984701714655,131053847400.859,53.0683530043043,9.713
2014,6.53828042868413,2.74183131997442,51.3065670777795,31.1206735016751,135.661434977578,-3.40746259930754,63.2376327204216,45.511,29.2713082967685,25.8173246854016,-2.67212467047683,44.4602073781668,1.41530142282668,72.4605856039849,942343431928.654,4.60079447270559,12209.3862327674,3.19911298885714,41.2,14.5742586923768,30.2115390664919,26.8300125662284,28.4894493558784,28.1981753928692,8.85457271364316,50.512,0.269361188352854,2.18854241775473,1.3490889002021,77181884.0,30.3276548015133,53.828575166833,17.9488969703643,127421921235.759,54.30677404128,9.901
2015,6.87689834308907,2.98772329214314,52.3721303504702,29.145145266046,146.067825112108,-2.46735825450658,66.3898521051604,46.014,28.8436742291669,25.280784580735,-1.31335609821325,46.7405303729401,2.225752648523,71.2504569474223,865460050683.656,5.80557386628684,11064.6494504662,4.4033792666971,42.9,13.5014007063213,30.062899150791,27.7921333695116,26.5941406789482,27.9632974104138,7.67085364845885,51.3,0.376091561208709,2.72000852790578,1.33411577030414,78218479.0,30.4983562189661,53.3668283175625,18.1419244166015,110489628113.015,51.8749252596832,10.304
2016,6.26556196399699,3.10968373133547,55.1507347989139,30.075201418508,157.424794469357,-2.54530792537505,69.2826364676667,46.333,30.6055405050211,23.6322024334399,-1.60577894110722,46.3614777541171,1.58873607703875,71.7769489235856,870818016909.84,3.32366508200445,10984.3643169061,1.9428315705164,41.9,14.6023400852653,29.8288300175216,27.3477821809118,25.2379813745471,28.3385128402288,7.7751341532833,52.0,-0.974999415026735,3.02013474808043,1.34542593504869,79277962.0,30.9443928097308,53.6443880043807,18.3280078863935,104810530764.478,48.870183807987,10.899
2017,6.19642323537778,2.84271365893527,53.5497317634405,29.5734179673603,174.96870328849,-4.06783613710293,70.0844027288208,47.063,31.5527664341113,26.5394989930636,-3.05666052974179,52.6882928024745,1.29532700760314,70.2619683324967,863874522365.276,7.82585730002594,10756.3877677883,6.43664614092381,43.5,14.1092729854912,32.7946921972451,28.7891671366617,29.5961595228053,29.0347245862534,11.1443110840764,52.832,-2.60245067681052,3.64813263536867,1.29675571220462,80312698.0,29.501534894828,53.5617425067038,17.7025349976444,107657025384.516,56.1356585158689,10.919
2018,6.00418639185492,3.68690904641214,52.4848065363097,29.3999927208091,203.545403587444,-1.85233343060557,66.6976668187438,47.382,33.1443390183968,31.7278536539697,0.630574922822866,55.4453574540502,1.57923380202967,68.0286241706627,788356985773.667,3.46815306092219,9684.11819884721,2.07704135618785,42.4,14.5122068809579,31.3408009091416,30.6657489976786,31.0972787311468,29.1851848904908,16.3324638988929,53.212,-2.20511093526739,4.82837014720942,1.35360298648434,81407204.0,30.207791762814,54.6144926867008,17.1432984711192,92997230040.5605,62.8251323851165,10.956
2019,6.6541535628227,5.02294929309671,57.648063536615,33.4600744570718,234.437126307922,1.9351600379275,64.2557519386267,45.681,34.8909170453359,33.0298811646869,3.48130339674987,55.3071524639806,1.22536076199392,69.0128662177622,775853144222.613,1.30162365464503,9395.23378001368,-0.136378469205951,43.8,15.2428471146395,27.5058303832163,29.5729485423088,29.548577767937,27.0679926930773,15.1768215720022,52.951,-3.92445523823865,5.67381930843574,1.42969688109789,82579440.0,29.2876680740266,56.5329774818317,16.5299780625183,105619672447.934,62.5784589326239,13.73
2020,6.89122590909685,3.89009244045221,66.2557194643874,41.0396523893444,263.223561285501,-4.22284721473811,75.2676019236764,42.848,33.4510950281809,28.7400043468285,-2.90984442364009,60.3150906136416,1.02531493703228,68.7557883417475,733628247119.077,1.80306247087255,8798.11791709313,0.819957444576985,43.0,15.0319947560781,34.1540560799477,30.0988085819943,31.6498487704686,27.7974533640579,12.2789574462574,49.334,-4.46634618652819,7.00860541558522,0.970386031353162,83384680.0,29.5197315875713,54.5738221616136,17.4856241853484,93584577917.0715,60.389853117297,13.148
2021,5.70488171636816,2.97599400811766,69.89419042803,41.6375124693568,314.806147234679,-0.74064931592423,70.9983608541485,45.212,30.2009775804558,35.0536332850518,0.498368961459877,53.7425891882514,1.50891969619413,65.1254865683778,839938668172.134,11.811094450607,9981.76398411336,10.797736075363,44.4,13.045605699142,34.3761444701623,33.7151431315987,34.5552643235919,30.8205598235418,19.5964926913324,51.359,-1.26647365629945,8.85040754928315,0.910444902564511,84147318.0,29.4977695405094,53.1953606066903,17.4752698156496,111184882382.134,69.6088976086437,11.969
2022,6.69360961922604,1.97901752159553,54.3584694901504,35.3300843740665,542.438807922272,-4.99763806227356,53.4262221477913,47.503,29.0624088388364,38.1412107474416,-3.61585073655095,50.758322367613,1.48839623728753,65.0137110196354,926097476913.818,5.44122511322401,10897.8397861365,4.40815937187469,44.5,11.817312986037,38.602139717568,33.9944927117295,41.7570614839925,30.890102398727,72.3088359891207,53.055,-2.95717737537508,16.5488604173067,0.984586244469359,84979913.0,27.2711691129616,52.1784720579494,17.1801094099965,128735003395.893,79.8982722314341,10.465
2023,6.38984597795627,1.4801275195303,52.2571521372537,33.2548360254558,834.593142750374,-3.63367003503212,48.7833981885989,48.308,33.0277530817277,31.9135926809724,-1.85602311192189,45.157151097837,0.933806495534912,67.2677466005176,1141242864657.45,5.04512369812289,13375.0947282864,4.61909774991381,43.7,13.2360600879054,34.5882765114043,31.7803964026465,33.7696157928943,28.1932800305474,53.8594087593315,53.313,-4.29865292389269,23.7385661219918,0.406389351118662,85325965.0,33.0413461477558,54.3519824455967,18.2219303847288,140868480001.696,65.6832084738667,9.388
2024,5.82042467876951,,43.4651622053406,26.6192344930079,1322.88396860986,-0.766008235540632,42.9546658478032,49.43,,27.5682232095509,0.537640299510246,39.3880494718611,0.860701598247461,68.7312037455689,1359123768774.12,3.3276230893799,15892.7157287241,3.09479882124933,,14.4561600834409,30.7311559549208,30.1060618091059,27.0305829100406,25.5035682450148,58.5064507300342,54.2,-2.95931437041885,32.8058614432703,0.225580501096507,85518661.0,31.4818867249691,57.5212773580131,17.6239296509985,155548682878.169,54.5988061195916,8.8
2025,,,,,,,,49.746,,,,,,,,,,,,,,,,,,54.379,,,,,,,,,,8.52
