party,weighted_degree,closeness_centrality,betweenness_centrality,eigenvector_centrality,party_bloc,layer,date
Adalet ve Kalkınma Partisi,797.65,0.6213835715527357,0.0,0.7071067811865476,government,total,2002-11-01
Cumhuriyet Halk Partisi,144.35,0.6213835715527357,0.0,0.7071067811865476,opposition,total,2002-11-01
Adalet ve Kalkınma Partisi,834.3000000000001,0.8211057935803009,0.8333333333333333,0.6145831176247895,government,total,2002-12-01
Cumhuriyet Halk Partisi,663.0,0.47548295896765913,0.0,0.2507850006869642,opposition,total,2002-12-01
Anavatan Partisi,18.7,0.42663683207874364,0.0,0.1971580658589667,opposition,total,2002-12-01
Bağımsız,7.4,0.567794744269035,0.0,0.507155951176844,opposition,total,2002-12-01
Doğru Yol Partisi,7.35,0.5765427422712991,0.0,0.513143267727148,opposition,total,2002-12-01
Cumhuriyet Halk Partisi,1375.05,0.44264375656134525,0.0,0.42225377959455496,opposition,total,2003-01-01
Adalet ve Kalkınma Partisi,1330.35,0.6345738920967083,0.6666666666666666,0.6065605952341191,government,total,2003-01-01
Anavatan Partisi,31.6,0.6345738920967083,0.6666666666666666,0.5671875753382765,opposition,total,2003-01-01
Bağımsız,12.549999999999999,0.43136669626423246,0.0,0.3634339614142178,opposition,total,2003-01-01
Cumhuriyet Halk Partisi,884.7000000000002,0.2416974071028699,0.0,0.5402811188684743,opposition,total,2003-02-01
Adalet ve Kalkınma Partisi,629.5000000000001,0.28924429099865145,1.0,0.7071067811850429,government,total,2003-02-01
Anavatan Partisi,10.1,0.23409081115124034,0.0,0.4511091994706688,opposition,total,2003-02-01
Bağımsız,2.0,0.11264845344537694,0.0,0.06779972528919015,opposition,total,2003-02-01
Adalet ve Kalkınma Partisi,3721.6,0.8751969563657856,0.8333333333333333,0.6250763813383006,government,total,2003-03-01
Cumhuriyet Halk Partisi,3221.0499999999997,0.6024677858156783,0.0,0.49635172615358986,opposition,total,2003-03-01
Anavatan Partisi,116.15000000000002,0.5958442203846912,0.0,0.4919974281985283,opposition,total,2003-03-01
Bağımsız,101.8,0.5185797619212839,0.0,0.2777085466674159,opposition,total,2003-03-01
Doğru Yol Partisi,18.45,0.4574441048378904,0.0,0.2091195236970308,opposition,total,2003-03-01
Cumhuriyet Halk Partisi,2136.85,0.4141523766811093,0.0,0.1584965825390415,opposition,total,2003-04-01
Adalet ve Kalkınma Partisi,1216.0499999999997,0.6111914692151285,0.5,0.336619126579861,government,total,2003-04-01
Anavatan Partisi,70.44999999999999,0.5287558439737173,0.0,0.4994837292402002,opposition,total,2003-04-01
Bağımsız,27.05,0.7383234158903086,0.6666666666666666,0.604151294516856,opposition,total,2003-04-01
Doğru Yol Partisi,24.15,0.5259821694644631,0.0,0.4970750592234193,opposition,total,2003-04-01
Cumhuriyet Halk Partisi,2162.4,0.7258283969102673,0.6666666666666666,0.6079378225612889,opposition,total,2003-05-01
Adalet ve Kalkınma Partisi,1585.1499999999999,0.6072932186259604,0.5,0.36314092308791934,government,total,2003-05-01
Anavatan Partisi,145.15,0.5178258634487426,0.0,0.4894589017227931,opposition,total,2003-05-01
Bağımsız,52.099999999999994,0.5077354106130225,0.0,0.4808122112644862,opposition,total,2003-05-01
Doğru Yol Partisi,35.900000000000006,0.4040105520200537,0.0,0.16670295408769742,opposition,total,2003-05-01
Cumhuriyet Halk Partisi,1907.5,0.63398912591604,0.6666666666666666,0.5913856061111051,opposition,total,2003-06-01
Adalet ve Kalkınma Partisi,1254.8500000000001,0.63398912591604,0.6666666666666666,0.6497566053287903,government,total,2003-06-01
Bağımsız,75.44999999999999,0.3865199031038735,0.0,0.27895582774268524,opposition,total,2003-06-01
Anavatan Partisi,17.05,0.4209153841759996,0.0,0.38763780115540936,opposition,total,2003-06-01
Cumhuriyet Halk Partisi,3248.4,0.5325379027152422,0.0,0.4686610843640821,opposition,total,2003-07-01
Adalet ve Kalkınma Partisi,1705.9,0.8357138559107635,1.0,0.7071067812791845,government,total,2003-07-01
Anavatan Partisi,90.14999999999999,0.4976525725886474,0.0,0.3927666865648801,opposition,total,2003-07-01
Bağımsız,31.15,0.47717335188836274,0.0,0.3550931114461663,opposition,total,2003-07-01
Cumhuriyet Halk Partisi,675.5000000000001,0.9684248116913543,0.0,0.7071067811865476,opposition,total,2003-10-01
Adalet ve Kalkınma Partisi,593.45,0.9684248116913543,0.0,0.7071067811865476,government,total,2003-10-01
Cumhuriyet Halk Partisi,896.3999999999999,0.6851368832447956,0.5,0.5678641450536863,opposition,total,2003-11-01
Adalet ve Kalkınma Partisi,693.7,0.6876196105235483,0.5,0.5770016543083393,government,total,2003-11-01
Anavatan Partisi,77.15,0.40347463225306834,0.0,0.20482465859141452,opposition,total,2003-11-01
Bağımsız,27.999999999999996,0.5636311523121579,0.0,0.504656726933652,opposition,total,2003-11-01
Doğru Yol Partisi,4.0,0.41279495749057965,0.0,0.2190156407232356,opposition,total,2003-11-01
Adalet ve Kalkınma Partisi,4282.2,0.5324869079093288,0.0,0.514971286366714,government,total,2003-12-01
Cumhuriyet Halk Partisi,3494.65,0.5083823069327353,0.0,0.49500105061806216,opposition,total,2003-12-01
Anavatan Partisi,191.54999999999998,0.7225976845916476,0.6666666666666666,0.5983981667491045,opposition,total,2003-12-01
Bağımsız,99.55,0.40546083921459175,0.0,0.1526427617852795,opposition,total,2003-12-01
Doğru Yol Partisi,81.35,0.5991170175222675,0.5,0.3292390551114796,opposition,total,2003-12-01
Adalet ve Kalkınma Partisi,1059.0500000000002,0.7121492221136141,0.6666666666666666,0.608922391359222,government,total,2004-01-01
Cumhuriyet Halk Partisi,825.85,0.4777771788749309,0.0,0.3834511226323409,opposition,total,2004-01-01
Anavatan Partisi,19.650000000000002,0.7121492221136141,0.6666666666666666,0.5941087750168287,opposition,total,2004-01-01
Bağımsız,13.149999999999999,0.4714486371059212,0.0,0.35946282325348633,opposition,total,2004-01-01
Cumhuriyet Halk Partisi,1987.1499999999999,0.5169648681104246,0.0,0.5199985688059152,opposition,total,2004-02-01
Adalet ve Kalkınma Partisi,1097.95,0.7058846375658399,0.8333333333333333,0.6134705440039804,government,total,2004-02-01
Bağımsız,73.49999999999999,0.4460521556448187,0.0,0.26753696641535735,opposition,total,2004-02-01
Anavatan Partisi,63.55000000000001,0.5138203448859254,0.0,0.5171170932272279,opposition,total,2004-02-01
Doğru Yol Partisi,2.35,0.3062883913319297,0.0,0.11945402284038244,opposition,total,2004-02-01
Adalet ve Kalkınma Partisi,223.1,0.8558137795113036,1.0,0.707106781263665,government,total,2004-03-01
Cumhuriyet Halk Partisi,212.25,0.5708615034752754,0.0,0.5008366819339762,opposition,total,2004-03-01
Anavatan Partisi,31.700000000000003,0.5702238921551369,0.0,0.4991619155347335,opposition,total,2004-03-01
Adalet ve Kalkınma Partisi,754.4499999999999,0.6211095115726748,0.6666666666666666,0.6603650677448794,government,total,2004-04-01
Cumhuriyet Halk Partisi,543.0500000000001,0.4289797024684505,0.0,0.4397872566772221,opposition,total,2004-04-01
Doğru Yol Partisi,38.55,0.37568796531980836,0.0,0.25282004924906765,opposition,total,2004-04-01
Anavatan Partisi,36.25,0.6211095115726748,0.6666666666666666,0.5537031414614902,opposition,total,2004-04-01
Cumhuriyet Halk Partisi,1762.3000000000002,0.5156241446065063,0.0,0.5188175980788423,opposition,total,2004-05-01
Adalet ve Kalkınma Partisi,1005.1,0.6232162144483906,0.5,0.5857687443906315,government,total,2004-05-01
Anavatan Partisi,22.8,0.6005452691139572,0.5,0.5511158239846141,opposition,total,2004-05-01
Bağımsız,11.5,0.36622286937058396,0.0,0.20971348782843824,opposition,total,2004-05-01
Doğru Yol Partisi,1.35,0.36022145700471053,0.0,0.1999871985785966,opposition,total,2004-05-01
Cumhuriyet Halk Partisi,2336.5499999999997,0.6533395161823587,0.5,0.5929350234441776,opposition,total,2004-06-01
Adalet ve Kalkınma Partisi,1153.85,0.5577695224044243,0.0,0.5190314557185656,government,total,2004-06-01
Anavatan Partisi,50.349999999999994,0.6321577029414492,0.5,0.5304525978714746,opposition,total,2004-06-01
Doğru Yol Partisi,44.15,0.4117823678174594,0.0,0.25342220165013096,opposition,total,2004-06-01
Bağımsız,11.1,0.37102912234148644,0.0,0.182843198041719,opposition,total,2004-06-01
Cumhuriyet Halk Partisi,2407.9,0.590417074498061,0.6666666666666666,0.5731164382773697,opposition,total,2004-07-01
Adalet ve Kalkınma Partisi,727.8000000000001,0.5904170744980611,0.6666666666666666,0.6643596863889807,government,total,2004-07-01
Doğru Yol Partisi,158.3,0.34794373206901164,0.0,0.24212849295598257,opposition,total,2004-07-01
Anavatan Partisi,121.55,0.4010285279706794,0.0,0.41417091662291033,opposition,total,2004-07-01
Adalet ve Kalkınma Partisi,20.8,0.2134661993532117,1.0,0.707106781184932,government,total,2004-08-01
Cumhuriyet Halk Partisi,15.049999999999999,0.18479404271569433,0.0,0.6833723700592323,opposition,total,2004-08-01
Doğru Yol Partisi,3.05,0.09829341220795314,0.0,0.09049243155644816,opposition,total,2004-08-01
Anavatan Partisi,1.0,0.1275858405205203,0.0,0.15752245450383842,opposition,total,2004-08-01
Cumhuriyet Halk Partisi,668.5500000000001,0.6594865583210515,1.0,0.7071067811823806,opposition,total,2004-09-01
Adalet ve Kalkınma Partisi,341.75,0.454447184336802,0.0,0.4861319753438481,government,total,2004-09-01
Doğru Yol Partisi,77.65,0.3164405855444009,0.0,0.20232557130239862,opposition,total,2004-09-01
Anavatan Partisi,1.35,0.45024174985096904,0.0,0.4719534571876122,opposition,total,2004-09-01
Adalet ve Kalkınma Partisi,197.4,0.6636331659370119,0.6666666666666666,0.6084470902193324,government,total,2004-10-01
Cumhuriyet Halk Partisi,151.0,0.6636331659370119,0.6666666666666666,0.6111405205077703,opposition,total,2004-10-01
Anavatan Partisi,26.549999999999997,0.43508581311697764,0.0,0.36026676005929636,opposition,total,2004-10-01
Doğru Yol Partisi,10.7,0.43382463832527085,0.0,0.35567859676046926,opposition,total,2004-10-01
Cumhuriyet Halk Partisi,1017.25,0.6819957723791217,0.8333333333333333,0.5955502395169113,opposition,total,2004-11-01
Adalet ve Kalkınma Partisi,915.55,0.5150096558060429,0.0,0.5533823860001149,government,total,2004-11-01
Anavatan Partisi,59.45,0.46576491575270046,0.0,0.5153060572519673,opposition,total,2004-11-01
Doğru Yol Partisi,42.75,0.3672504143266859,0.0,0.19280656429573007,opposition,total,2004-11-01
Bağımsız,14.35,0.36540317487792245,0.0,0.19071744335555155,opposition,total,2004-11-01
Adalet ve Kalkınma Partisi,4965.8,0.8637490568846582,0.8333333333333333,0.6320147189646411,government,total,2004-12-01
Cumhuriyet Halk Partisi,3864.6,0.5000240440100705,0.0,0.2733324954257937,opposition,total,2004-12-01
Anavatan Partisi,168.60000000000002,0.5729377825778219,0.0,0.47785821085368807,opposition,total,2004-12-01
Doğru Yol Partisi,80.89999999999999,0.47149964434460234,0.0,0.238997093444369,opposition,total,2004-12-01
Bağımsız,49.8,0.591090758578927,0.0,0.4902842661163111,opposition,total,2004-12-01
Cumhuriyet Halk Partisi,882.7500000000001,0.6456422913311829,0.5,0.5788235988782657,opposition,total,2005-01-01
Adalet ve Kalkınma Partisi,451.5,0.6466888844989261,0.5,0.5511304718658931,government,total,2005-01-01
Doğru Yol Partisi,51.5,0.41631838803452986,0.0,0.2727998806497929,opposition,total,2005-01-01
Anavatan Partisi,19.150000000000002,0.39097849511669114,0.0,0.21912239170593967,opposition,total,2005-01-01
Bağımsız,11.75,0.5373072152585286,0.0,0.4886553457530348,opposition,total,2005-01-01
Cumhuriyet Halk Partisi,1111.6999999999998,0.38214353378762717,0.6666666666666666,0.6115190143631102,opposition,total,2005-02-01
Adalet ve Kalkınma Partisi,859.1,0.32017370014199464,0.0,0.5414605981749664,government,total,2005-02-01
Anavatan Partisi,72.75,0.34191315507000397,0.5,0.25857214522287164,opposition,total,2005-02-01
Doğru Yol Partisi,64.25,0.30956087752387834,0.0,0.5152460902105318,opposition,total,2005-02-01
Bağımsız,2.35,0.13717111413648114,0.0,0.022952732603776463,opposition,total,2005-02-01
Cumhuriyet Halk Partisi,1901.6000000000001,0.5163988851917336,0.0,0.5341947768705585,opposition,total,2005-03-01
Adalet ve Kalkınma Partisi,1643.0,0.5917393956808298,0.5,0.598938136384501,government,total,2005-03-01
Anavatan Partisi,139.35,0.3835262016651509,0.0,0.24393427283187596,opposition,total,2005-03-01
Doğru Yol Partisi,83.7,0.5834611255801854,0.5,0.5319226520868663,opposition,total,2005-03-01
Bağımsız,6.7,0.29181091732644016,0.0,0.11603194337480252,opposition,total,2005-03-01
Cumhuriyet Halk Partisi,1886.0,0.5312720681893559,0.0,0.5135885501035578,opposition,total,2005-04-01
Adalet ve Kalkınma Partisi,1550.1499999999999,0.7327873949058411,0.6666666666666666,0.5994572105850522,government,total,2005-04-01
Doğru Yol Partisi,153.65,0.5329343311438415,0.0,0.5150101513625739,opposition,total,2005-04-01
Anavatan Partisi,58.30000000000001,0.6055054766789344,0.5,0.3063987404167252,opposition,total,2005-04-01
Bağımsız,25.5,0.4046223505154044,0.0,0.13327494042263463,opposition,total,2005-04-01
Cumhuriyet Halk Partisi,2214.6499999999996,0.5867414891475703,0.0,0.5076869473031101,opposition,total,2005-05-01
Adalet ve Kalkınma Partisi,1106.7999999999997,0.8242958788394465,0.8333333333333333,0.6307097346668007,government,total,2005-05-01
Doğru Yol Partisi,79.00000000000001,0.4674753288056376,0.0,0.2575871703142428,opposition,total,2005-05-01
Anavatan Partisi,64.15,0.4572175015417255,0.0,0.2448947285714025,opposition,total,2005-05-01
Bağımsız,44.349999999999994,0.5300168469378485,0.0,0.46704883657067736,opposition,total,2005-05-01
Cumhuriyet Halk Partisi,4486.5,0.4123958138217189,0.0,0.5368041050456701,opposition,total,2005-06-01
Adalet ve Kalkınma Partisi,1352.65,0.5459269763190586,0.6666666666666666,0.6052605050029433,government,total,2005-06-01
Doğru Yol Partisi,189.54999999999998,0.4122659148962204,0.0,0.5366008819327716,opposition,total,2005-06-01
Bağımsız,119.10000000000001,0.42836471144522675,0.5,0.21606636600537,opposition,total,2005-06-01
Anavatan Partisi,4.35,0.3134757378490532,0.0,0.10428754901667021,opposition,total,2005-06-01
Adalet ve Kalkınma Partisi,407.0,0.6863909865502268,1.0,0.7071067811852133,government,total,2005-07-01
Cumhuriyet Halk Partisi,89.3,0.43136659381595455,0.0,0.40216516465031177,opposition,total,2005-07-01
Doğru Yol Partisi,13.4,0.4872171414666082,0.0,0.5816039720838179,opposition,total,2005-07-01
Adalet ve Kalkınma Partisi,289.75,0.9894744837991745,1.0,0.7071067930768102,government,total,2005-09-01
Cumhuriyet Halk Partisi,159.45,0.6591020705009056,0.0,0.49875279020540486,opposition,total,2005-09-01
Doğru Yol Partisi,37.800000000000004,0.6601981518613173,0.0,0.5012440896878012,opposition,total,2005-09-01
Adalet ve Kalkınma Partisi,1069.55,0.7000860878957856,0.6666666666666666,0.6053783881840299,government,total,2005-10-01
Cumhuriyet Halk Partisi,985.4,0.5883669151896073,0.5,0.3547825915892273,opposition,total,2005-10-01
Doğru Yol Partisi,184.1,0.3843570708754599,0.0,0.15276482888333623,opposition,total,2005-10-01
Anavatan Partisi,97.05,0.4921175770938003,0.0,0.48649420863991155,opposition,total,2005-10-01
Bağımsız,32.6,0.505306978368827,0.0,0.49762698062003113,opposition,total,2005-10-01
Adalet ve Kalkınma Partisi,917.9,0.662893280255638,0.5,0.5598426797064889,government,total,2005-11-01
Cumhuriyet Halk Partisi,816.55,0.6824333638257087,0.5,0.5793366208724112,opposition,total,2005-11-01
Anavatan Partisi,141.75,0.41956753170061173,0.0,0.24718727609855567,opposition,total,2005-11-01
Bağımsız,80.10000000000001,0.5397382785662354,0.0,0.4806213438769892,opposition,total,2005-11-01
Doğru Yol Partisi,60.0,0.41449903807642957,0.0,0.24258365163392004,opposition,total,2005-11-01
Adalet ve Kalkınma Partisi,5924.099999999999,0.5404286452953501,0.0,0.5067523749840911,government,total,2005-12-01
Cumhuriyet Halk Partisi,3633.2999999999997,0.5259554301111566,0.0,0.49441472017939614,opposition,total,2005-12-01
Anavatan Partisi,1204.1999999999998,0.7438873437698601,0.6666666666666666,0.607461677023466,opposition,total,2005-12-01
Bağımsız,366.00000000000006,0.4038725768961546,0.0,0.1379559121458227,opposition,total,2005-12-01
Doğru Yol Partisi,184.14999999999998,0.6216645650968102,0.5,0.33273802333031455,opposition,total,2005-12-01
Cumhuriyet Halk Partisi,722.35,0.6348806080302314,0.0,0.49049916308091074,opposition,total,2006-01-01
Adalet ve Kalkınma Partisi,687.65,0.7563735754742201,0.5,0.5607478944578409,government,total,2006-01-01
Anavatan Partisi,398.24999999999994,0.758642098828085,0.5,0.567119924405255,opposition,total,2006-01-01
Bağımsız,74.44999999999999,0.4735911628300474,0.0,0.24425775036613698,opposition,total,2006-01-01
Doğru Yol Partisi,32.85,0.47826170619156155,0.0,0.25235988707929796,opposition,total,2006-01-01
Cumhuriyet Halk Partisi,1426.75,0.8892476638554803,0.8333333333333333,0.637828995142049,opposition,total,2006-02-01
Adalet ve Kalkınma Partisi,1289.9000000000003,0.6045230039357486,0.0,0.48778974227179733,government,total,2006-02-01
Anavatan Partisi,735.6999999999999,0.5822136511546271,0.0,0.471701744953485,opposition,total,2006-02-01
Doğru Yol Partisi,134.25,0.50157624996083,0.0,0.2625329023214782,opposition,total,2006-02-01
Bağımsız,125.5,0.4931270408838517,0.0,0.2526049866827575,opposition,total,2006-02-01
Adalet ve Kalkınma Partisi,1111.2500000000002,0.6975891686496416,0.5,0.5457321386770771,government,total,2006-03-01
Cumhuriyet Halk Partisi,1102.1,0.5950293471589848,0.0,0.5142725974981566,opposition,total,2006-03-01
Anavatan Partisi,191.65,0.698490297072466,0.5,0.5873695753297811,opposition,total,2006-03-01
Doğru Yol Partisi,152.3,0.3883508767142531,0.0,0.16760724614918066,opposition,total,2006-03-01
Bağımsız,107.45,0.4460708605607569,0.0,0.2541749816418663,opposition,total,2006-03-01
Adalet ve Kalkınma Partisi,1718.4999999999998,0.7097109717101289,0.5,0.5703755220812121,government,total,2006-04-01
Cumhuriyet Halk Partisi,1260.3999999999999,0.4315561696458395,0.0,0.23430733301728096,opposition,total,2006-04-01
Anavatan Partisi,375.95,0.6943211082082026,0.5,0.5661488287522682,opposition,total,2006-04-01
Doğru Yol Partisi,147.24999999999997,0.5714063913661085,0.0,0.4854637761461248,opposition,total,2006-04-01
Bağımsız,13.75,0.43898905726960913,0.0,0.2521354065919615,opposition,total,2006-04-01
Cumhuriyet Halk Partisi,1529.9,0.911790325963678,0.8333333333333333,0.6337609988921388,opposition,total,2006-05-01
Adalet ve Kalkınma Partisi,1494.95,0.5274206028218834,0.0,0.2752473521917405,government,total,2006-05-01
Anavatan Partisi,350.79999999999995,0.6176461568130488,0.0,0.48467473113058324,opposition,total,2006-05-01
Doğru Yol Partisi,179.65000000000003,0.6062753309741341,0.0,0.4772736478599423,opposition,total,2006-05-01
Bağımsız,65.5,0.5010678171901446,0.0,0.2447164919996915,opposition,total,2006-05-01
Adalet ve Kalkınma Partisi,2905.7999999999993,0.7602354367423227,0.6666666666666666,0.5578429225588225,government,total,2006-06-01
Cumhuriyet Halk Partisi,2508.65,0.47258554212482096,0.0,0.25840858226620855,opposition,total,2006-06-01
Anavatan Partisi,1176.25,0.6350992993312908,0.3333333333333333,0.46964129261156035,opposition,total,2006-06-01
Bağımsız,537.9499999999999,0.6287104348560526,0.0,0.4611529681024379,opposition,total,2006-06-01
Doğru Yol Partisi,446.9000000000001,0.5426834359271135,0.0,0.4345241933962416,opposition,total,2006-06-01
Adalet ve Kalkınma Partisi,670.65,0.6872378196366925,0.5,0.5828979297395828,government,total,2006-09-01
Cumhuriyet Halk Partisi,603.65,0.6895704107692059,0.5,0.5672928188076093,opposition,total,2006-09-01
Anavatan Partisi,218.25,0.4210452830209878,0.0,0.2334891040458806,opposition,total,2006-09-01
Bağımsız,151.20000000000002,0.39593335893322484,0.0,0.19437204461832464,opposition,total,2006-09-01
Doğru Yol Partisi,108.95,0.5542502883430567,0.0,0.4960959663183822,opposition,total,2006-09-01
Cumhuriyet Halk Partisi,412.95000000000005,0.5902022198568637,0.5,0.5721477919263654,opposition,total,2006-10-01
Adalet ve Kalkınma Partisi,380.24999999999994,0.5993203358198038,0.5,0.5791607157232215,government,total,2006-10-01
Anavatan Partisi,175.05,0.49955921465767206,0.0,0.5281877640823267,opposition,total,2006-10-01
Bağımsız,93.55,0.32676244572092616,0.0,0.16102343123216828,opposition,total,2006-10-01
Doğru Yol Partisi,10.0,0.34175882268277097,0.0,0.17974679419862186,opposition,total,2006-10-01
Cumhuriyet Halk Partisi,1040.45,0.408663116397614,0.0,0.5661202634425175,opposition,total,2006-11-01
Adalet ve Kalkınma Partisi,849.6999999999999,0.45355910422411916,0.5,0.5731137635154628,government,total,2006-11-01
Anavatan Partisi,213.95,0.45427544308846113,0.5,0.574923991883836,opposition,total,2006-11-01
Bağımsız,29.300000000000004,0.23205182392555382,0.0,0.10276633086734033,opposition,total,2006-11-01
Doğru Yol Partisi,27.45,0.22849795499461453,0.0,0.09974941696739875,opposition,total,2006-11-01
Adalet ve Kalkınma Partisi,2933.35,0.7629194959715765,0.6666666666666666,0.604465483649479,government,total,2006-12-01
Cumhuriyet Halk Partisi,2359.05,0.5434005445723525,0.0,0.4948739227009868,opposition,total,2006-12-01
Anavatan Partisi,588.6999999999999,0.5443098003165341,0.0,0.4956116708949736,opposition,total,2006-12-01
Bağımsız,291.95,0.4247505684810664,0.0,0.15763161555005586,opposition,total,2006-12-01
Doğru Yol Partisi,62.550000000000004,0.6355331986257433,0.5,0.34531525474370656,opposition,total,2006-12-01
Adalet ve Kalkınma Partisi,624.85,0.6724661813378426,0.5,0.5719109684416668,government,total,2007-01-01
Cumhuriyet Halk Partisi,505.70000000000005,0.6623543435347512,0.5,0.5513510806558656,opposition,total,2007-01-01
Bağımsız,103.89999999999999,0.5595210709819314,0.0,0.4812070435027423,opposition,total,2007-01-01
Anavatan Partisi,80.45,0.43216094080604817,0.0,0.27171015363341167,opposition,total,2007-01-01
Doğru Yol Partisi,33.949999999999996,0.42211555612965546,0.0,0.252077773180385,opposition,total,2007-01-01
Adalet ve Kalkınma Partisi,942.85,0.7307835334320764,0.6666666666666666,0.5999143401664867,government,total,2007-02-01
Cumhuriyet Halk Partisi,521.6,0.5275781856223438,0.0,0.5034743804555263,opposition,total,2007-02-01
Anavatan Partisi,253.85,0.5239494875263766,0.0,0.5006778273817666,opposition,total,2007-02-01
Bağımsız,152.54999999999998,0.3984030051442774,0.0,0.1410050270446458,opposition,total,2007-02-01
Doğru Yol Partisi,63.3,0.6145447111686348,0.5,0.3406693825455194,opposition,total,2007-02-01
Cumhuriyet Halk Partisi,745.5,0.6374263172164586,0.5,0.5320549097465153,opposition,total,2007-03-01
Adalet ve Kalkınma Partisi,567.15,0.6381041328416195,0.5,0.5982152165990047,government,total,2007-03-01
Anavatan Partisi,315.35,0.5545899673413425,0.0,0.5210828265592252,opposition,total,2007-03-01
Bağımsız,85.9,0.42508163920078196,0.0,0.2697535587908027,opposition,total,2007-03-01
Doğru Yol Partisi,79.45,0.3205506217582456,0.0,0.12149828405693146,opposition,total,2007-03-01
Cumhuriyet Halk Partisi,664.4000000000001,0.638835884284732,0.5,0.5629171520591445,opposition,total,2007-04-01
Adalet ve Kalkınma Partisi,533.8000000000001,0.6341550966915224,0.5,0.5786881428102971,government,total,2007-04-01
Bağımsız,115.0,0.5449553279200869,0.0,0.5302900055956266,opposition,total,2007-04-01
Doğru Yol Partisi,66.30000000000001,0.38628299867277816,0.0,0.20898675466236505,opposition,total,2007-04-01
Anavatan Partisi,26.4,0.3435015891031592,0.0,0.15284423322282717,opposition,total,2007-04-01
Cumhuriyet Halk Partisi,2191.75,0.5832660589669535,0.0,0.505171592461934,opposition,total,2007-05-01
Adalet ve Kalkınma Partisi,2049.85,0.8353936236782297,0.8333333333333333,0.6348875114856437,government,total,2007-05-01
Anavatan Partisi,738.1999999999999,0.5438302774054663,0.0,0.47367038583080107,opposition,total,2007-05-01
Doğru Yol Partisi,90.15,0.4609793174028262,0.0,0.24356012787276687,opposition,total,2007-05-01
Bağımsız,76.55,0.45871184166841733,0.0,0.24090317479548035,opposition,total,2007-05-01
Cumhuriyet Halk Partisi,715.9499999999999,0.4435764742756793,0.6666666666666666,0.6622534369192234,opposition,total,2007-06-01
Adalet ve Kalkınma Partisi,193.9,0.3278638821012431,0.0,0.5304616835986654,government,total,2007-06-01
Bağımsız,19.15,0.44357647427567937,0.6666666666666666,0.4675579132403487,opposition,total,2007-06-01
Anavatan Partisi,4.4,0.2892888993377791,0.0,0.24783136461851635,opposition,total,2007-06-01
Adalet ve Kalkınma Partisi,316.954415,0.3653702069652389,0.0,0.7071067811865475,government,positive,2002-11-01
Cumhuriyet Halk Partisi,9.62674,0.3653702069652389,0.0,0.7071067811865475,opposition,positive,2002-11-01
Adalet ve Kalkınma Partisi,273.93998,0.8766509865345132,0.0,0.7071067811865476,government,positive,2002-12-01
Cumhuriyet Halk Partisi,174.60393000000002,0.8766509865345132,0.0,0.7071067811865476,opposition,positive,2002-12-01
Adalet ve Kalkınma Partisi,381.12984000000006,0.6140192773212737,0.6666666666666666,0.5678523778876852,government,positive,2003-01-01
Cumhuriyet Halk Partisi,265.07681,0.43123023386410225,0.0,0.3931502967806612,opposition,positive,2003-01-01
Bağımsız,3.13349,0.435676687465674,0.0,0.4213593204466961,opposition,positive,2003-01-01
Anavatan Partisi,1.80009,0.6140192773212737,0.6666666666666666,0.5877353521282159,opposition,positive,2003-01-01
Cumhuriyet Halk Partisi,225.3982,0.8818693539237171,1.0,0.7071067814714709,opposition,positive,2003-02-01
Adalet ve Kalkınma Partisi,178.28284,0.5884694217723476,0.0,0.5014154068977329,government,positive,2003-02-01
Anavatan Partisi,4.62834,0.5873574350719464,0.0,0.4985805745540418,opposition,positive,2003-02-01
Adalet ve Kalkınma Partisi,1194.49504,0.4871202450110418,0.0,0.5398264021535866,government,positive,2003-03-01
Cumhuriyet Halk Partisi,618.9980449999999,0.6375748842809337,0.6666666666666666,0.5956826057101319,opposition,positive,2003-03-01
Bağımsız,14.566920000000003,0.45270930730466397,0.0,0.5079926131253341,opposition,positive,2003-03-01
Anavatan Partisi,14.08706,0.5324716602759786,0.5,0.29076257854810106,opposition,positive,2003-03-01
Doğru Yol Partisi,4.0249999999999995,0.33764086420215655,0.0,0.10559506010441973,opposition,positive,2003-03-01
Cumhuriyet Halk Partisi,495.6114549999999,0.15031531503051299,0.0,0.3953058032647522,opposition,positive,2003-04-01
Adalet ve Kalkınma Partisi,303.648045,0.16997743084288003,0.8333333333333333,0.6032831342885621,government,positive,2003-04-01
Bağımsız,14.534375,0.16207916279999676,0.5,0.585904823670844,opposition,positive,2003-04-01
Doğru Yol Partisi,3.8001899999999997,0.049402601588529965,0.0,0.021186304643241095,opposition,positive,2003-04-01
Anavatan Partisi,2.47509,0.14345514633070305,0.0,0.3688488306650558,opposition,positive,2003-04-01
Adalet ve Kalkınma Partisi,633.39762,0.5664614905460478,0.5,0.33485665900367734,government,positive,2003-05-01
Cumhuriyet Halk Partisi,432.67583,0.6872422517055902,0.6666666666666666,0.6097136268863528,opposition,positive,2003-05-01
Anavatan Partisi,32.50228,0.5057546664309317,0.0,0.5120655121019442,opposition,positive,2003-05-01
Doğru Yol Partisi,22.882145,0.3865679693920927,0.0,0.16049491257817736,opposition,positive,2003-05-01
Bağımsız,4.99179,0.4716719590016842,0.0,0.4776511336344563,opposition,positive,2003-05-01
Cumhuriyet Halk Partisi,375.5247,0.2676129542009407,0.6666666666666666,0.5871980710348369,opposition,positive,2003-06-01
Adalet ve Kalkınma Partisi,270.59852,0.22637244894524755,0.0,0.5379511632620015,government,positive,2003-06-01
Bağımsız,14.306250000000002,0.2676129542009407,0.6666666666666666,0.4589210672273168,opposition,positive,2003-06-01
Anavatan Partisi,0.675,0.22405135371070353,0.0,0.3939523135773753,opposition,positive,2003-06-01
Cumhuriyet Halk Partisi,721.52659,0.3489804018680875,0.6666666666666666,0.7011841998624159,opposition,positive,2003-07-01
Adalet ve Kalkınma Partisi,454.40939499999996,0.28061139659406126,0.0,0.6192405530222456,government,positive,2003-07-01
Anavatan Partisi,13.558760000000003,0.3489804018680875,0.6666666666666666,0.3413812201816372,opposition,positive,2003-07-01
Bağımsız,0.675,0.19341426174089832,0.0,0.09132753069750409,opposition,positive,2003-07-01
Cumhuriyet Halk Partisi,190.697015,0.9364835276819298,0.0,0.7071067811865476,opposition,positive,2003-10-01
Adalet ve Kalkınma Partisi,171.80151499999997,0.9364835276819298,0.0,0.7071067811865476,government,positive,2003-10-01
Cumhuriyet Halk Partisi,133.91694999999999,0.4089366000626451,0.0,0.42097815207417333,opposition,positive,2003-11-01
Adalet ve Kalkınma Partisi,122.17576999999999,0.5766278190956211,0.6666666666666666,0.5878235904144837,government,positive,2003-11-01
Bağımsız,17.33259,0.5766278190956211,0.6666666666666666,0.5681350151823192,opposition,positive,2003-11-01
Anavatan Partisi,16.45232,0.4047847230200564,0.0,0.39301835396355883,opposition,positive,2003-11-01
Adalet ve Kalkınma Partisi,1512.58371,0.5029839837479468,0.0,0.5280709587899071,government,positive,2003-12-01
Cumhuriyet Halk Partisi,730.596115,0.47622803503813405,0.0,0.5031666481770041,opposition,positive,2003-12-01
Anavatan Partisi,23.305650000000004,0.6723976779668681,0.6666666666666666,0.6006307961200934,opposition,positive,2003-12-01
Bağımsız,23.220740000000003,0.36633955645394045,0.0,0.12459313826081153,opposition,positive,2003-12-01
Doğru Yol Partisi,14.964490000000001,0.5574869653073932,0.5,0.3027929710140121,opposition,positive,2003-12-01
Adalet ve Kalkınma Partisi,269.311165,0.9457138888782265,1.0,0.7071068142636815,government,positive,2004-01-01
Cumhuriyet Halk Partisi,211.846755,0.5736584712489281,0.0,0.41858074708978305,opposition,positive,2004-01-01
Bağımsız,7.599999999999999,0.5543141063417306,0.0,0.38447659666294615,opposition,positive,2004-01-01
Anavatan Partisi,6.200089999999999,0.5747844915204378,0.0,0.4206754782562264,opposition,positive,2004-01-01
Cumhuriyet Halk Partisi,376.23112,0.3410973036710506,0.5,0.6011625820143199,opposition,positive,2004-02-01
Adalet ve Kalkınma Partisi,214.41209999999998,0.3743428438308512,0.8333333333333333,0.6493336720386023,government,positive,2004-02-01
Bağımsız,12.23125,0.27119682144392454,0.0,0.36195040266027223,opposition,positive,2004-02-01
Anavatan Partisi,7.215890000000001,0.2410841509744291,0.0,0.27993889039705117,opposition,positive,2004-02-01
Doğru Yol Partisi,0.675,0.14511753734828065,0.0,0.08715191334718592,opposition,positive,2004-02-01
Adalet ve Kalkınma Partisi,69.43544,0.7445166924436157,1.0,0.7071067811860499,government,positive,2004-03-01
Cumhuriyet Halk Partisi,53.784459999999996,0.5020781631274261,0.0,0.5168258774362556,opposition,positive,2004-03-01
Anavatan Partisi,8.727605,0.49074023852681253,0.0,0.48258782870369665,opposition,positive,2004-03-01
Adalet ve Kalkınma Partisi,212.512485,0.6336050160501807,1.0,0.7071067811860298,government,positive,2004-04-01
Cumhuriyet Halk Partisi,101.878035,0.4051009662770852,0.0,0.41871771087263104,opposition,positive,2004-04-01
Doğru Yol Partisi,10.59509,0.32027285157101515,0.0,0.24141764835111593,opposition,positive,2004-04-01
Anavatan Partisi,7.00429,0.43468932777094876,0.0,0.5161327326056089,opposition,positive,2004-04-01
Cumhuriyet Halk Partisi,467.69517,0.45177337108488197,0.6666666666666666,0.6383555766588163,opposition,positive,2004-05-01
Adalet ve Kalkınma Partisi,311.44032500000003,0.45177337108488197,0.6666666666666666,0.6514120720212419,government,positive,2004-05-01
Bağımsız,4.70527,0.2797908776973473,0.0,0.3041416738108904,opposition,positive,2004-05-01
Anavatan Partisi,2.5225,0.2711664972495446,0.0,0.2750678324070134,opposition,positive,2004-05-01
Cumhuriyet Halk Partisi,523.469025,0.6238453951217822,0.6666666666666666,0.6123094802894756,opposition,positive,2004-06-01
Adalet ve Kalkınma Partisi,417.10784,0.47645369585258973,0.0,0.5345898986126226,government,positive,2004-06-01
Anavatan Partisi,12.549479999999999,0.5220354517838618,0.5,0.30418881423535077,opposition,positive,2004-06-01
Doğru Yol Partisi,9.85,0.43119355049189134,0.0,0.4850851649035371,opposition,positive,2004-06-01
Bağımsız,4.81679,0.3250942693450559,0.0,0.10701536681046075,opposition,positive,2004-06-01
Cumhuriyet Halk Partisi,554.606115,0.2754930411867893,0.0,0.4947622370143966,opposition,positive,2004-07-01
Adalet ve Kalkınma Partisi,219.32367,0.3681045330046337,0.6666666666666666,0.6958790554803943,government,positive,2004-07-01
Anavatan Partisi,35.35214,0.3681045330046337,0.6666666666666666,0.5051834605611201,opposition,positive,2004-07-01
Doğru Yol Partisi,12.750089999999998,0.1876119978170263,0.0,0.1255083269895501,opposition,positive,2004-07-01
Adalet ve Kalkınma Partisi,5.545000000000001,0.18198582570848348,0.0,0.7071067811865475,government,positive,2004-08-01
Doğru Yol Partisi,2.2874999999999996,0.18198582570848348,0.0,0.7071067811865475,opposition,positive,2004-08-01
Cumhuriyet Halk Partisi,117.90193500000001,0.44874140103299454,1.0,0.7071067811856608,opposition,positive,2004-09-01
Adalet ve Kalkınma Partisi,86.34937000000001,0.36348437663535105,0.0,0.6760769089111609,government,positive,2004-09-01
Doğru Yol Partisi,4.28348,0.2541803135052533,0.0,0.20717145855156793,opposition,positive,2004-09-01
Adalet ve Kalkınma Partisi,65.52537,0.43304848939202156,0.0,0.4921263273347427,government,positive,2004-10-01
Cumhuriyet Halk Partisi,45.17045,0.6560034228759051,1.0,0.7071067811860449,opposition,positive,2004-10-01
Anavatan Partisi,5.13768,0.34912451725531124,0.0,0.2882521474705621,opposition,positive,2004-10-01
Doğru Yol Partisi,1.175,0.4084310548264607,0.0,0.41799805911431903,opposition,positive,2004-10-01
Adalet ve Kalkınma Partisi,293.36167,0.47407174469548913,0.6666666666666666,0.6956222884064529,government,positive,2004-11-01
Cumhuriyet Halk Partisi,246.74067499999998,0.474071744695489,0.6666666666666666,0.4805906612094245,opposition,positive,2004-11-01
Anavatan Partisi,16.47966,0.3576455339326106,0.0,0.518683541630432,opposition,positive,2004-11-01
Doğru Yol Partisi,15.522910000000001,0.2470279484806731,0.0,0.12692372462297863,opposition,positive,2004-11-01
Adalet ve Kalkınma Partisi,2216.127275,0.5208990067608468,0.5,0.6232188208936658,government,positive,2004-12-01
Cumhuriyet Halk Partisi,883.0530100000001,0.3498495031137338,0.0,0.30562174350616245,opposition,positive,2004-12-01
Bağımsız,20.015769999999996,0.4581768302386156,0.0,0.5285905530415774,opposition,positive,2004-12-01
Anavatan Partisi,16.482365,0.28006884015580835,0.0,0.14305254933840145,opposition,positive,2004-12-01
Doğru Yol Partisi,16.16607,0.4837673717845433,0.5,0.4672490198418247,opposition,positive,2004-12-01
Adalet ve Kalkınma Partisi,91.13695500000001,0.4309196085538447,1.0,0.7071067811839072,government,positive,2005-01-01
Cumhuriyet Halk Partisi,81.56911,0.2949499178690407,0.0,0.3685547316691463,opposition,positive,2005-01-01
Anavatan Partisi,8.74207,0.30998064838661943,0.0,0.4354753558555725,opposition,positive,2005-01-01
Bağımsız,1.35,0.30380497831807207,0.0,0.4060643043495419,opposition,positive,2005-01-01
Doğru Yol Partisi,1.35,0.15782006260273143,0.0,0.09818556382484513,opposition,positive,2005-01-01
Cumhuriyet Halk Partisi,194.00351500000002,0.5248512837161149,0.0,0.4513274399163322,opposition,positive,2005-02-01
Adalet ve Kalkınma Partisi,169.76171,0.8376083032474387,1.0,0.7071067807776096,government,positive,2005-02-01
Anavatan Partisi,17.112855,0.5037945158194238,0.0,0.405894157184852,opposition,positive,2005-02-01
Doğru Yol Partisi,5.937589999999999,0.4809682230237169,0.0,0.36270301311140773,opposition,positive,2005-02-01
Adalet ve Kalkınma Partisi,368.87575,0.33009546111825816,0.6666666666666666,0.69583549858252,government,positive,2005-03-01
Cumhuriyet Halk Partisi,362.484105,0.33009546111825816,0.6666666666666666,0.6473538797071341,opposition,positive,2005-03-01
Anavatan Partisi,2.2874999999999996,0.16120929560880576,0.0,0.1257495881235688,opposition,positive,2005-03-01
Doğru Yol Partisi,2.175,0.22039508472934694,0.0,0.2844871779664067,opposition,positive,2005-03-01
Adalet ve Kalkınma Partisi,482.67570000000006,0.5115935482189361,0.0,0.517412127402933,government,positive,2005-04-01
Cumhuriyet Halk Partisi,304.35920500000003,0.58208055480197,0.5,0.29689404246553963,opposition,positive,2005-04-01
Anavatan Partisi,16.007500000000004,0.5159834492299866,0.0,0.5212738553025209,opposition,positive,2005-04-01
Doğru Yol Partisi,14.85012,0.3839282952087374,0.0,0.12262338445088916,opposition,positive,2005-04-01
Bağımsız,6.807589999999999,0.7034197569732957,0.6666666666666666,0.5978090759838774,opposition,positive,2005-04-01
Cumhuriyet Halk Partisi,440.09787499999993,0.48516918328966424,0.5,0.5569361143189564,opposition,positive,2005-05-01
Adalet ve Kalkınma Partisi,254.35163000000003,0.5384318063485658,0.5,0.5969709994928405,government,positive,2005-05-01
Doğru Yol Partisi,22.057500000000005,0.2746099815346833,0.0,0.1544218663438443,opposition,positive,2005-05-01
Bağımsız,13.090409999999999,0.3157870848764606,0.0,0.2325130511227486,opposition,positive,2005-05-01
Anavatan Partisi,8.662005,0.4016109671613516,0.0,0.505509009399729,opposition,positive,2005-05-01
Cumhuriyet Halk Partisi,1142.0410599999998,0.15120789217018113,0.0,0.5900873915675042,opposition,positive,2005-06-01
Adalet ve Kalkınma Partisi,350.80151,0.16643049768932022,0.8333333333333333,0.5467862630724659,government,positive,2005-06-01
Doğru Yol Partisi,30.432790000000004,0.15083464937580746,0.0,0.5876057131750688,opposition,positive,2005-06-01
Bağımsız,21.549639999999997,0.11072801830766042,0.0,0.08456241989327448,opposition,positive,2005-06-01
Anavatan Partisi,0.675,0.05278291002741682,0.0,0.01975793041083182,opposition,positive,2005-06-01
Adalet ve Kalkınma Partisi,102.6591,0.34367010608788334,0.0,0.7071067811865476,government,positive,2005-07-01
Cumhuriyet Halk Partisi,22.888340000000003,0.34367010608788334,0.0,0.7071067811865476,opposition,positive,2005-07-01
Adalet ve Kalkınma Partisi,45.251445000000004,0.15397868982522886,1.0,0.7071067811856022,government,positive,2005-09-01
Doğru Yol Partisi,16.69648,0.14257042457622401,0.0,0.704447008043273,opposition,positive,2005-09-01
Cumhuriyet Halk Partisi,3.37782,0.08019800518822139,0.0,0.06127326382866796,opposition,positive,2005-09-01
Adalet ve Kalkınma Partisi,304.42897,0.5527753080393675,0.6666666666666666,0.5920999302306243,government,positive,2005-10-01
Cumhuriyet Halk Partisi,182.929225,0.440261013204153,0.5,0.2524386548475076,opposition,positive,2005-10-01
Anavatan Partisi,30.10875,0.4059081538600436,0.0,0.5241339228173238,opposition,positive,2005-10-01
Doğru Yol Partisi,24.886965,0.321131944823549,0.0,0.13010276818936023,opposition,positive,2005-10-01
Bağımsız,3.525,0.4203316291474963,0.0,0.5422631269238763,opposition,positive,2005-10-01
Adalet ve Kalkınma Partisi,257.66976999999997,0.2999912837076013,0.0,0.42437107836761445,government,positive,2005-11-01
Cumhuriyet Halk Partisi,137.41294500000004,0.4271516492868818,0.6666666666666666,0.5656051518905245,opposition,positive,2005-11-01
Anavatan Partisi,23.212465000000005,0.3715337089077546,0.3333333333333333,0.5385871219754591,opposition,positive,2005-11-01
Bağımsız,21.66259,0.3387192067573889,0.0,0.44135048583730757,opposition,positive,2005-11-01
Doğru Yol Partisi,16.9825,0.1982025711762516,0.0,0.12301894444909355,opposition,positive,2005-11-01
Adalet ve Kalkınma Partisi,2105.43282,0.6159344655895623,0.0,0.4906946931899115,government,positive,2005-12-01
Cumhuriyet Halk Partisi,585.80684,0.5019906215574936,0.0,0.2494498569011267,opposition,positive,2005-12-01
Anavatan Partisi,285.26805,0.9034026898907289,0.8333333333333333,0.6328108385247406,opposition,positive,2005-12-01
Bağımsız,48.792975,0.6001119619050803,0.0,0.4800024867721331,opposition,positive,2005-12-01
Doğru Yol Partisi,32.399710000000006,0.5087856804442783,0.0,0.25717998037454026,opposition,positive,2005-12-01
Adalet ve Kalkınma Partisi,229.28274,0.7535596967028444,0.6666666666666666,0.6014581579228113,government,positive,2006-01-01
Cumhuriyet Halk Partisi,216.91627499999996,0.5413260243558391,0.0,0.503498824668825,opposition,positive,2006-01-01
Anavatan Partisi,189.9627,0.5431307662021309,0.0,0.5049329779515827,opposition,positive,2006-01-01
Bağımsız,14.06295,0.41390593748230714,0.0,0.14195830345239474,opposition,positive,2006-01-01
Doğru Yol Partisi,6.487499999999999,0.6289988998178603,0.5,0.33110050692059445,opposition,positive,2006-01-01
Adalet ve Kalkınma Partisi,212.09745500000002,0.44307119755051444,0.0,0.5353684111866426,government,positive,2006-02-01
Cumhuriyet Halk Partisi,169.16521,0.43705810055781036,0.0,0.5286417988069867,opposition,positive,2006-02-01
Anavatan Partisi,108.69784000000001,0.5794529589754709,0.6666666666666666,0.5985618489670294,opposition,positive,2006-02-01
Doğru Yol Partisi,23.196399999999997,0.49263083178058364,0.5,0.267860565243317,opposition,positive,2006-02-01
Bağımsız,9.00009,0.2711630629747629,0.0,0.06239345643819723,opposition,positive,2006-02-01
Adalet ve Kalkınma Partisi,301.254485,0.6131536198482298,0.5,0.6046047683318536,government,positive,2006-03-01
Cumhuriyet Halk Partisi,191.29273999999998,0.5306025137347266,0.0,0.5194180939042132,opposition,positive,2006-03-01
Bağımsız,48.398489999999995,0.41281238788353153,0.0,0.27647953073908854,opposition,positive,2006-03-01
Anavatan Partisi,25.0505,0.6082106328280679,0.5,0.5251672770413212,opposition,positive,2006-03-01
Doğru Yol Partisi,12.60447,0.2985049532930229,0.0,0.11142853334131865,opposition,positive,2006-03-01
Adalet ve Kalkınma Partisi,416.476215,0.5972611486899769,0.5,0.5628307944280627,government,positive,2006-04-01
Cumhuriyet Halk Partisi,281.924675,0.503663344599208,0.0,0.5165102991054773,opposition,positive,2006-04-01
Anavatan Partisi,87.311535,0.589172277722449,0.5,0.5730292077843874,opposition,positive,2006-04-01
Doğru Yol Partisi,21.066879999999998,0.3405159288071686,0.0,0.18553150002819857,opposition,positive,2006-04-01
Bağımsız,1.35,0.3667345326889715,0.0,0.23163375679017503,opposition,positive,2006-04-01
Adalet ve Kalkınma Partisi,435.4319699999999,0.6558294295505311,0.6666666666666666,0.6264317762068355,government,positive,2006-05-01
Cumhuriyet Halk Partisi,313.95065,0.4269956025384298,0.0,0.3279988258490405,opposition,positive,2006-05-01
Anavatan Partisi,56.9952,0.6558294295505314,0.6666666666666666,0.5724110294644317,opposition,positive,2006-05-01
Doğru Yol Partisi,27.549155,0.44816252143466373,0.0,0.4151452918527073,opposition,positive,2006-05-01
Adalet ve Kalkınma Partisi,810.76293,0.7291018891974569,0.5,0.5630004439834275,government,positive,2006-06-01
Cumhuriyet Halk Partisi,566.8531700000001,0.4493502770319421,0.0,0.23525287745742293,opposition,positive,2006-06-01
Anavatan Partisi,299.53132000000005,0.6083817761049862,0.0,0.4937639485465692,opposition,positive,2006-06-01
Bağımsız,204.651625,0.7252371260633288,0.5,0.5670590473522461,opposition,positive,2006-06-01
Doğru Yol Partisi,61.403614999999995,0.4567708295439371,0.0,0.24965532971304683,opposition,positive,2006-06-01
Cumhuriyet Halk Partisi,144.675015,0.6095055867047705,0.5,0.571925429248068,opposition,positive,2006-09-01
Adalet ve Kalkınma Partisi,122.92118500000001,0.6173195274649177,0.5,0.5586149076722936,government,positive,2006-09-01
Anavatan Partisi,69.32187499999999,0.536373872257399,0.0,0.5306732864588005,opposition,positive,2006-09-01
Bağımsız,10.08572,0.3805239289699453,0.0,0.22533121693048933,opposition,positive,2006-09-01
Doğru Yol Partisi,6.53509,0.3438957525343804,0.0,0.16870801409929698,opposition,positive,2006-09-01
Adalet ve Kalkınma Partisi,75.76647500000001,0.4491156807369477,0.0,0.5249092383910541,government,positive,2006-10-01
Cumhuriyet Halk Partisi,56.35798,0.6663368856823546,1.0,0.7071067811860917,opposition,positive,2006-10-01
Anavatan Partisi,44.180315,0.38188180616229556,0.0,0.34083550180209726,opposition,positive,2006-10-01
Bağımsız,6.49189,0.3761515725762682,0.0,0.32909185976514316,opposition,positive,2006-10-01
Cumhuriyet Halk Partisi,182.652105,0.5344810330166815,0.6666666666666666,0.6839689450321069,opposition,positive,2006-11-01
Adalet ve Kalkınma Partisi,178.466145,0.3845988838507322,0.0,0.4801400833468761,government,positive,2006-11-01
Anavatan Partisi,32.874565,0.5344810330166815,0.6666666666666666,0.5191006649616767,opposition,positive,2006-11-01
Bağımsız,3.09277,0.2983304362495959,0.0,0.17940591470647407,opposition,positive,2006-11-01
Adalet ve Kalkınma Partisi,948.11897,0.39043089626831873,0.5,0.6129935491076492,government,positive,2006-12-01
Cumhuriyet Halk Partisi,432.169535,0.3629607191069442,0.0,0.5220909874505442,opposition,positive,2006-12-01
Anavatan Partisi,140.856505,0.39013281433030544,0.5,0.49637589739462207,opposition,positive,2006-12-01
Doğru Yol Partisi,25.90739,0.29803529546768026,0.0,0.32022809844133865,opposition,positive,2006-12-01
Bağımsız,21.380000000000003,0.1536644438187287,0.0,0.052200029019644344,opposition,positive,2006-12-01
Adalet ve Kalkınma Partisi,156.407255,0.4504250531072325,0.5,0.5315565890575062,government,positive,2007-01-01
Cumhuriyet Halk Partisi,64.87880999999999,0.5137010388595749,0.5,0.5838797511830447,opposition,positive,2007-01-01
Anavatan Partisi,14.350584999999999,0.3136094960628977,0.0,0.2771157762453991,opposition,positive,2007-01-01
Bağımsız,8.62518,0.29110206808135025,0.0,0.1980558587730733,opposition,positive,2007-01-01
Doğru Yol Partisi,5.58759,0.4013254616447341,0.0,0.5104044985592756,opposition,positive,2007-01-01
Adalet ve Kalkınma Partisi,210.719575,0.499849718330462,0.0,0.5337525630624506,government,positive,2007-02-01
Cumhuriyet Halk Partisi,92.49506,0.6702239856908602,0.6666666666666666,0.5953000430617862,opposition,positive,2007-02-01
Anavatan Partisi,37.92856,0.5458734497721855,0.5,0.26700482222367505,opposition,positive,2007-02-01
Bağımsız,30.306585000000002,0.4913131948035827,0.0,0.5253852624610329,opposition,positive,2007-02-01
Doğru Yol Partisi,11.178450000000002,0.3719796242338833,0.0,0.11577914774671465,opposition,positive,2007-02-01
Adalet ve Kalkınma Partisi,191.440355,0.2838050639240252,0.0,0.5303072290997971,government,positive,2007-03-01
Cumhuriyet Halk Partisi,147.910865,0.3319699698404125,0.8333333333333333,0.6048392874327161,opposition,positive,2007-03-01
Anavatan Partisi,53.159220000000005,0.26182362390666525,0.0,0.2718331374869707,opposition,positive,2007-03-01
Doğru Yol Partisi,26.53848,0.10366206105957503,0.0,0.03306727452295385,opposition,positive,2007-03-01
Bağımsız,20.767770000000002,0.28274033158144557,0.0,0.527216255308951,opposition,positive,2007-03-01
Adalet ve Kalkınma Partisi,138.62532,0.3260986810265532,0.5,0.37985326689337057,government,positive,2007-04-01
Cumhuriyet Halk Partisi,137.34707,0.3635043640798103,0.6666666666666666,0.5876021858806698,opposition,positive,2007-04-01
Bağımsız,29.937870000000004,0.32376279953045445,0.5,0.5964155393938305,opposition,positive,2007-04-01
Doğru Yol Partisi,6.1150199999999995,0.15414866197161323,0.0,0.06591137866123586,opposition,positive,2007-04-01
Anavatan Partisi,1.85,0.24990328136230755,0.0,0.3877877787027768,opposition,positive,2007-04-01
Adalet ve Kalkınma Partisi,407.953065,0.4977107223800158,0.0,0.5470442822897359,government,positive,2007-05-01
Cumhuriyet Halk Partisi,317.283085,0.47773754249599065,0.0,0.53115682938339,opposition,positive,2007-05-01
Anavatan Partisi,147.583595,0.6746940579888908,0.8333333333333333,0.592360329964915,opposition,positive,2007-05-01
Doğru Yol Partisi,16.185355,0.3548637426361878,0.0,0.17979445124522583,opposition,positive,2007-05-01
Bağımsız,13.525090000000002,0.3624894758857737,0.0,0.1881440155805577,opposition,positive,2007-05-01
Cumhuriyet Halk Partisi,85.53044000000001,0.39448843520610666,1.0,0.7071067811843386,opposition,positive,2007-06-01
Adalet ve Kalkınma Partisi,33.805655,0.26199953698148964,0.0,0.4763099610036508,government,positive,2007-06-01
Bağımsız,7.137499999999999,0.2589058565173716,0.0,0.4599459481563533,opposition,positive,2007-06-01
Anavatan Partisi,0.675,0.20018279300157066,0.0,0.24815024849146886,opposition,positive,2007-06-01
Adalet ve Kalkınma Partisi,49.743575,0.8270401792746431,0.0,0.7071067811865476,government,negative,2002-11-01
Cumhuriyet Halk Partisi,32.30637,0.8270401792746431,0.0,0.7071067811865476,opposition,negative,2002-11-01
Adalet ve Kalkınma Partisi,88.12841499999999,0.26255827018801964,0.8333333333333333,0.6976079370463236,government,negative,2002-12-01
Cumhuriyet Halk Partisi,87.86284,0.24301042127248196,0.5,0.46745916715598346,opposition,negative,2002-12-01
Bağımsız,5.920000000000001,0.21861117439004982,0.0,0.5268857072382964,opposition,negative,2002-12-01
Anavatan Partisi,3.35,0.15491201087977022,0.0,0.11551262342259833,opposition,negative,2002-12-01
Doğru Yol Partisi,0.675,0.09717602946936527,0.0,0.062236472826117176,opposition,negative,2002-12-01
Adalet ve Kalkınma Partisi,241.66416500000003,0.6365033373767527,0.6666666666666666,0.6626363165285853,government,negative,2003-01-01
Cumhuriyet Halk Partisi,219.942965,0.4429688142023361,0.0,0.4501873058696338,opposition,negative,2003-01-01
Anavatan Partisi,13.88386,0.6365033373767527,0.6666666666666666,0.5452810189561349,opposition,negative,2003-01-01
Bağımsız,4.948585,0.3844082724727256,0.0,0.24680581844322153,opposition,negative,2003-01-01
Cumhuriyet Halk Partisi,136.35865,0.9638910671530362,0.0,0.7071067811865475,opposition,negative,2003-02-01
Adalet ve Kalkınma Partisi,69.18965,0.9638910671530362,0.0,0.7071067811865475,government,negative,2003-02-01
Cumhuriyet Halk Partisi,556.23998,0.6994437107512351,0.6666666666666666,0.5817648039805493,opposition,negative,2003-03-01
Adalet ve Kalkınma Partisi,316.27217,0.6994437107512351,0.6666666666666666,0.6266643604497358,government,negative,2003-03-01
Anavatan Partisi,22.59962,0.47243559495085724,0.0,0.40193247299698603,opposition,negative,2003-03-01
Bağımsız,11.937500000000002,0.45202015977389226,0.0,0.3275542387790512,opposition,negative,2003-03-01
Cumhuriyet Halk Partisi,317.31873,0.4518954114016447,0.5,0.27230551074397974,opposition,negative,2003-04-01
Adalet ve Kalkınma Partisi,148.20150500000003,0.5181690918525658,0.6666666666666666,0.6032894400030773,government,negative,2003-04-01
Anavatan Partisi,26.92078,0.4079433695792919,0.0,0.531962852829221,opposition,negative,2003-04-01
Doğru Yol Partisi,6.168749999999999,0.4039605646455842,0.0,0.5264769696804993,opposition,negative,2003-04-01
Bağımsız,4.032500000000001,0.21440077309014996,0.0,0.04158225589201371,opposition,negative,2003-04-01
Cumhuriyet Halk Partisi,324.321075,0.5850339812354332,0.6666666666666666,0.6124887084560149,opposition,negative,2003-05-01
Adalet ve Kalkınma Partisi,115.240295,0.4526637852485947,0.0,0.5415723622740996,government,negative,2003-05-01
Anavatan Partisi,30.206395000000004,0.41816646093784354,0.0,0.4988074870412714,opposition,negative,2003-05-01
Bağımsız,23.639004999999997,0.49281893290085854,0.5,0.27767690759126823,opposition,negative,2003-05-01
Doğru Yol Partisi,0.675,0.284142100121155,0.0,0.07512379314741899,opposition,negative,2003-05-01
Cumhuriyet Halk Partisi,264.618375,0.0929828552451726,0.6666666666666666,0.7040178103533361,opposition,negative,2003-06-01
Adalet ve Kalkınma Partisi,175.7001,0.0929828552451726,0.6666666666666666,0.7061058953026609,government,negative,2003-06-01
Anavatan Partisi,2.46679,0.04243206202735523,0.0,0.037609368765397416,opposition,negative,2003-06-01
Bağımsız,1.35,0.05532578243915041,0.0,0.06602213799317717,opposition,negative,2003-06-01
Cumhuriyet Halk Partisi,450.58671,0.5211998287546165,0.0,0.4546113927443567,opposition,negative,2003-07-01
Adalet ve Kalkınma Partisi,197.57477,0.8293721347490718,1.0,0.7071067808798789,government,negative,2003-07-01
Anavatan Partisi,13.24207,0.47707400501249725,0.0,0.36400525692306046,opposition,negative,2003-07-01
Bağımsız,2.72,0.4965499478220237,0.0,0.4010344810027038,opposition,negative,2003-07-01
Adalet ve Kalkınma Partisi,101.39565,0.7515717741701036,0.0,0.7071067811865475,government,negative,2003-10-01
Cumhuriyet Halk Partisi,66.506715,0.7515717741701036,0.0,0.7071067811865475,opposition,negative,2003-10-01
Adalet ve Kalkınma Partisi,180.402285,0.11641455559900107,0.0,0.5357394566797639,government,negative,2003-11-01
Cumhuriyet Halk Partisi,150.13243000000003,0.12662182149506643,1.0,0.7071067811843291,opposition,negative,2003-11-01
Anavatan Partisi,15.366790000000002,0.11490744414982383,0.0,0.46077093721635953,opposition,negative,2003-11-01
Bağımsız,0.675,0.045055158176930066,0.0,0.025949527478669573,opposition,negative,2003-11-01
Cumhuriyet Halk Partisi,511.60175000000004,0.48493435798644263,0.0,0.24957259215938388,opposition,negative,2003-12-01
Adalet ve Kalkınma Partisi,413.39802000000003,0.8623905276150704,0.8333333333333333,0.6230972095794203,government,negative,2003-12-01
Anavatan Partisi,51.12027,0.5007932954419053,0.0,0.26903815151835053,opposition,negative,2003-12-01
Bağımsız,12.30911,0.5744983310022987,0.0,0.4814178817212755,opposition,negative,2003-12-01
Doğru Yol Partisi,8.80006,0.5979600186530268,0.0,0.49529656251964327,opposition,negative,2003-12-01
Adalet ve Kalkınma Partisi,115.76896500000002,0.7809433831507044,0.0,0.7071067811865476,government,negative,2004-01-01
Cumhuriyet Halk Partisi,85.58358000000001,0.7809433831507044,0.0,0.7071067811865476,opposition,negative,2004-01-01
Cumhuriyet Halk Partisi,359.87735000000004,0.6002883713272741,0.6666666666666666,0.615922902069623,opposition,negative,2004-02-01
Adalet ve Kalkınma Partisi,126.34094999999999,0.3994115141436657,0.0,0.3789503956593544,government,negative,2004-02-01
Anavatan Partisi,22.112190000000005,0.6002883713272741,0.6666666666666666,0.5969896126647589,opposition,negative,2004-02-01
Bağımsız,14.47098,0.3918708344564217,0.0,0.3473312233389531,opposition,negative,2004-02-01
Cumhuriyet Halk Partisi,32.836090000000006,0.6101093640730351,0.0,0.49307729896198665,opposition,negative,2004-03-01
Adalet ve Kalkınma Partisi,22.68291,0.9193597199670676,1.0,0.7071067812089857,government,negative,2004-03-01
Anavatan Partisi,3.3875,0.6157293614012367,0.0,0.5068281535359094,opposition,negative,2004-03-01
Cumhuriyet Halk Partisi,117.983705,0.2324115001736177,0.0,0.4935235602042531,opposition,negative,2004-04-01
Adalet ve Kalkınma Partisi,88.57167999999999,0.282227362416218,1.0,0.707106781184493,government,negative,2004-04-01
Anavatan Partisi,9.12528,0.23309970347774742,0.0,0.5019188871426418,opposition,negative,2004-04-01
Doğru Yol Partisi,1.4570699999999999,0.1096071795182336,0.0,0.06717087356672236,opposition,negative,2004-04-01
Cumhuriyet Halk Partisi,192.86918000000003,0.33930794060576774,0.6666666666666666,0.4980925741460645,opposition,negative,2004-05-01
Adalet ve Kalkınma Partisi,68.79785999999999,0.2742362974830898,0.0,0.4177177049321808,government,negative,2004-05-01
Anavatan Partisi,1.175,0.3393079406057677,0.6666666666666666,0.5705365185386397,opposition,negative,2004-05-01
Doğru Yol Partisi,0.675,0.27671381157688435,0.0,0.5019001769082646,opposition,negative,2004-05-01
Cumhuriyet Halk Partisi,359.13157,0.5626487472402201,0.6666666666666666,0.6199731845744134,opposition,negative,2004-06-01
Adalet ve Kalkınma Partisi,131.20311500000003,0.3884797682998793,0.0,0.42228988045215105,government,negative,2004-06-01
Doğru Yol Partisi,5.14189,0.5626487472402201,0.6666666666666666,0.567160697569664,opposition,negative,2004-06-01
Anavatan Partisi,3.3625,0.3727779809061653,0.0,0.3400488941441513,opposition,negative,2004-06-01
Cumhuriyet Halk Partisi,418.1041150000001,0.4975296156550033,0.6666666666666666,0.4536605066802097,opposition,negative,2004-07-01
Adalet ve Kalkınma Partisi,92.967675,0.4975296156550033,0.6666666666666666,0.6883581856538213,government,negative,2004-07-01
Doğru Yol Partisi,63.320965,0.28545649894989655,0.0,0.16174983228238318,opposition,negative,2004-07-01
Anavatan Partisi,35.691025,0.37235625145880297,0.0,0.5423948236097533,opposition,negative,2004-07-01
Cumhuriyet Halk Partisi,3.1417900000000003,0.9645412326286136,0.0,0.7071067811865476,opposition,negative,2004-08-01
Adalet ve Kalkınma Partisi,1.175,0.9645412326286136,0.0,0.7071067811865476,government,negative,2004-08-01
Cumhuriyet Halk Partisi,109.768045,0.34996550524275205,0.6666666666666666,0.5094929262241144,opposition,negative,2004-09-01
Adalet ve Kalkınma Partisi,46.37985,0.34996550524275205,0.6666666666666666,0.7040344889564016,government,negative,2004-09-01
Doğru Yol Partisi,28.69172,0.1527340237927291,0.0,0.0658440457439057,opposition,negative,2004-09-01
Anavatan Partisi,0.675,0.28231702434899314,0.0,0.4903233199915765,opposition,negative,2004-09-01
Adalet ve Kalkınma Partisi,20.20448,0.504154716293654,0.6666666666666666,0.5798720168792761,government,negative,2004-10-01
Cumhuriyet Halk Partisi,7.36679,0.504154716293654,0.6666666666666666,0.6059763880033335,opposition,negative,2004-10-01
Anavatan Partisi,2.31417,0.345845608367473,0.0,0.40465842885124803,opposition,negative,2004-10-01
Doğru Yol Partisi,0.675,0.3391754911648976,0.0,0.36440721340614735,opposition,negative,2004-10-01
Cumhuriyet Halk Partisi,130.50933000000003,0.5610396165129387,1.0,0.7071067811859191,opposition,negative,2004-11-01
Adalet ve Kalkınma Partisi,68.19525,0.40480068469931246,0.0,0.5841537209470615,government,negative,2004-11-01
Doğru Yol Partisi,1.1875,0.3004160457012471,0.0,0.25988824083167134,opposition,negative,2004-11-01
Bağımsız,1.175,0.3212378639630738,0.0,0.3020306815242623,opposition,negative,2004-11-01
Cumhuriyet Halk Partisi,506.72228,0.40442057026240386,0.5,0.6028475683915088,opposition,negative,2004-12-01
Adalet ve Kalkınma Partisi,257.32903500000003,0.3733339971801674,0.0,0.5866666531580015,government,negative,2004-12-01
Anavatan Partisi,40.18000000000001,0.38292965009866486,0.5,0.5031856511676119,opposition,negative,2004-12-01
Doğru Yol Partisi,5.437589999999999,0.21302971527715303,0.0,0.12112061833970779,opposition,negative,2004-12-01
Bağımsız,1.80009,0.22715537266845767,0.0,0.1566238922670086,opposition,negative,2004-12-01
Cumhuriyet Halk Partisi,175.79906499999998,0.5193885118256962,0.6666666666666666,0.6250027342464066,opposition,negative,2005-01-01
Adalet ve Kalkınma Partisi,73.19330499999998,0.34986981638440734,0.0,0.4614726189549707,government,negative,2005-01-01
Doğru Yol Partisi,7.50339,0.40957931418963833,0.5,0.3170858467724464,opposition,negative,2005-01-01
Anavatan Partisi,1.35,0.3721875689787582,0.0,0.5087166292503345,opposition,negative,2005-01-01
Bağımsız,0.7625,0.30692230299756007,0.0,0.19255794203339027,opposition,negative,2005-01-01
Cumhuriyet Halk Partisi,227.53098000000003,0.23878126931154486,0.0,0.5605731527484564,opposition,negative,2005-02-01
Adalet ve Kalkınma Partisi,161.885835,0.26396606385546767,0.0,0.6105648970873963,government,negative,2005-02-01
Anavatan Partisi,8.74599,0.246447311253713,0.5,0.12612547238901345,opposition,negative,2005-02-01
Doğru Yol Partisi,2.93348,0.3027196726482459,0.6666666666666666,0.5446104278075367,opposition,negative,2005-02-01
Bağımsız,1.175,0.14184216377207484,0.0,0.021449801869785363,opposition,negative,2005-02-01
Adalet ve Kalkınma Partisi,307.33201500000007,0.14956181771444318,0.6666666666666666,0.5924299037702848,government,negative,2005-03-01
Cumhuriyet Halk Partisi,271.234845,0.14394864039783614,0.5,0.3901067126547872,opposition,negative,2005-03-01
Anavatan Partisi,59.89141000000001,0.12863673090613767,0.0,0.3858334728639491,opposition,negative,2005-03-01
Doğru Yol Partisi,13.042539999999999,0.14311498491891456,0.5,0.5897599111008439,opposition,negative,2005-03-01
Bağımsız,1.80009,0.04376828346928344,0.0,0.012623008218145588,opposition,negative,2005-03-01
Cumhuriyet Halk Partisi,330.54638,0.5504244924333294,0.0,0.5215236037433927,opposition,negative,2005-04-01
Adalet ve Kalkınma Partisi,138.63367,0.5648828815585364,0.5,0.5415317785071979,government,negative,2005-04-01
Doğru Yol Partisi,25.55767,0.585267028577688,0.5,0.5567148569052189,opposition,negative,2005-04-01
Anavatan Partisi,6.062499999999999,0.37993716178464526,0.0,0.2644856705555499,opposition,negative,2005-04-01
Bağımsız,4.175,0.3691582299968193,0.0,0.2342485043220524,opposition,negative,2005-04-01
Cumhuriyet Halk Partisi,376.72522999999995,0.5124615706256077,0.5,0.23881403129426884,opposition,negative,2005-05-01
Adalet ve Kalkınma Partisi,150.26083,0.3381509839573998,0.0,0.08928741860430364,government,negative,2005-05-01
Anavatan Partisi,22.946530000000003,0.4710296711400094,0.0,0.5400064606962078,opposition,negative,2005-05-01
Doğru Yol Partisi,6.82509,0.6283302374338127,0.6666666666666666,0.589693421053751,opposition,negative,2005-05-01
Bağımsız,4.83759,0.47466268198385564,0.0,0.5437373510328661,opposition,negative,2005-05-01
Cumhuriyet Halk Partisi,593.0539749999999,0.4716397044547613,0.6666666666666666,0.6453978582360995,opposition,negative,2005-06-01
Adalet ve Kalkınma Partisi,169.91824499999998,0.4716397044547613,0.6666666666666666,0.6546268795825126,government,negative,2005-06-01
Bağımsız,22.752245,0.28118692249999266,0.0,0.2673268571022784,opposition,negative,2005-06-01
Doğru Yol Partisi,11.20439,0.2883406147617085,0.0,0.2888972214891247,opposition,negative,2005-06-01
Adalet ve Kalkınma Partisi,59.654320000000006,0.38156267788510173,1.0,0.7071067811855176,government,negative,2005-07-01
Cumhuriyet Halk Partisi,12.702140000000002,0.2157639864968544,0.0,0.2040326052492467,opposition,negative,2005-07-01
Doğru Yol Partisi,3.5200000000000005,0.30981713412050493,0.0,0.6770307939796102,opposition,negative,2005-07-01
Cumhuriyet Halk Partisi,66.15890499999999,0.030509626980787928,1.0,0.7071067811853268,opposition,negative,2005-09-01
Adalet ve Kalkınma Partisi,63.21160999999999,0.030034306623328996,0.0,0.7070153474457844,government,negative,2005-09-01
Doğru Yol Partisi,1.175,0.01537648697158093,0.0,0.011370948854127977,opposition,negative,2005-09-01
Cumhuriyet Halk Partisi,150.097145,0.6589789749417677,0.5,0.5540164718397462,opposition,negative,2005-10-01
Adalet ve Kalkınma Partisi,84.72580500000001,0.556375816487233,0.0,0.5096189684090825,government,negative,2005-10-01
Doğru Yol Partisi,46.82289,0.37306824705863745,0.0,0.181675344204805,opposition,negative,2005-10-01
Anavatan Partisi,15.52507,0.41836117495916963,0.0,0.26207639989553827,opposition,negative,2005-10-01
Bağımsız,5.266249999999999,0.6442292428528119,0.5,0.575903017784906,opposition,negative,2005-10-01
Cumhuriyet Halk Partisi,183.5147,0.7471591041163625,0.8333333333333333,0.6131599910235654,opposition,negative,2005-11-01
Adalet ve Kalkınma Partisi,110.23569,0.4592824800867228,0.0,0.27823856878951186,government,negative,2005-11-01
Anavatan Partisi,24.25086,0.3627738187960419,0.0,0.1645936398982271,opposition,negative,2005-11-01
Doğru Yol Partisi,11.81259,0.539086565694861,0.0,0.5182089560612229,opposition,negative,2005-11-01
Bağımsız,11.15009,0.5157129169107868,0.0,0.5009855644716079,opposition,negative,2005-11-01
Adalet ve Kalkınma Partisi,639.78383,0.512265339222086,0.0,0.523632855492381,government,negative,2005-12-01
Cumhuriyet Halk Partisi,546.35951,0.504141340089521,0.0,0.5161548138670923,opposition,negative,2005-12-01
Anavatan Partisi,163.763495,0.6953185525006194,0.6666666666666666,0.5959145269782756,opposition,negative,2005-12-01
Bağımsız,97.53068,0.5680077532975119,0.5,0.2923732504546814,opposition,negative,2005-12-01
Doğru Yol Partisi,26.105040000000002,0.39217675117261436,0.0,0.13710069192219482,opposition,negative,2005-12-01
Cumhuriyet Halk Partisi,70.548485,0.44183469012032944,0.5,0.5152658158401207,opposition,negative,2006-01-01
Adalet ve Kalkınma Partisi,53.013130000000004,0.44422159606592443,0.5,0.6107528362349377,government,negative,2006-01-01
Anavatan Partisi,21.06081,0.39860201845106824,0.0,0.5248284380222761,opposition,negative,2006-01-01
Bağımsız,13.76331,0.32319177958557055,0.0,0.28665927429412236,opposition,negative,2006-01-01
Doğru Yol Partisi,2.93348,0.18040058250471616,0.0,0.06215853249441555,opposition,negative,2006-01-01
Cumhuriyet Halk Partisi,261.488175,0.5712114588682983,0.5,0.5794893344471483,opposition,negative,2006-02-01
Adalet ve Kalkınma Partisi,180.93490500000001,0.582604405524293,0.5,0.574831680583275,government,negative,2006-02-01
Anavatan Partisi,175.50027,0.48070598750206905,0.0,0.5229667187005679,opposition,negative,2006-02-01
Doğru Yol Partisi,23.51538,0.3460380837425012,0.0,0.20076461118122257,opposition,negative,2006-02-01
Bağımsız,12.14179,0.3010008166745649,0.0,0.141279978371397,opposition,negative,2006-02-01
Cumhuriyet Halk Partisi,207.55208000000002,0.5909397161469759,0.5,0.6014911470799513,opposition,negative,2006-03-01
Adalet ve Kalkınma Partisi,145.69369999999998,0.50968088148597,0.0,0.5168208166882238,government,negative,2006-03-01
Anavatan Partisi,37.798235000000005,0.3911348728066892,0.0,0.2784609712338427,opposition,negative,2006-03-01
Doğru Yol Partisi,24.62848,0.3090359813546908,0.0,0.1378706937812412,opposition,negative,2006-03-01
Bağımsız,6.04763,0.583122666543793,0.5,0.5239807274298796,opposition,negative,2006-03-01
Adalet ve Kalkınma Partisi,249.47727000000003,0.5459185789931109,0.0,0.4892605706595209,government,negative,2006-04-01
Cumhuriyet Halk Partisi,187.164385,0.4352491435770193,0.0,0.26867859438912106,opposition,negative,2006-04-01
Anavatan Partisi,29.44108,0.6721627027430644,0.5,0.545014444022556,opposition,negative,2006-04-01
Doğru Yol Partisi,27.975895,0.68446400558101,0.5,0.599104539286039,opposition,negative,2006-04-01
Bağımsız,0.675,0.3813203873714722,0.0,0.18019132534240714,opposition,negative,2006-04-01
Cumhuriyet Halk Partisi,201.06366999999997,0.5531790686613755,0.8333333333333333,0.6074757596885819,opposition,negative,2006-05-01
Adalet ve Kalkınma Partisi,102.15650000000001,0.3812436795011663,0.0,0.3118579396115038,government,negative,2006-05-01
Doğru Yol Partisi,32.811449999999994,0.40273293922816444,0.0,0.5009603139047085,opposition,negative,2006-05-01
Anavatan Partisi,28.74042,0.22623200131748625,0.0,0.09731866224225436,opposition,negative,2006-05-01
Bağımsız,25.24627,0.42454220447046676,0.0,0.5227673179952259,opposition,negative,2006-05-01
Cumhuriyet Halk Partisi,434.16264,0.5759429361753675,0.0,0.506941992589389,opposition,negative,2006-06-01
Adalet ve Kalkınma Partisi,316.56137000000007,0.5776518825712733,0.0,0.5080551649629061,government,negative,2006-06-01
Anavatan Partisi,162.16214,0.833001032293058,0.8333333333333333,0.614704690040474,opposition,negative,2006-06-01
Doğru Yol Partisi,107.56864999999999,0.4539097701322328,0.0,0.22227985435320924,opposition,negative,2006-06-01
Bağımsız,47.9616,0.4697267713994541,0.0,0.24004077964998977,opposition,negative,2006-06-01
Adalet ve Kalkınma Partisi,85.39673999999998,0.6370957176610121,0.5,0.5680604028236586,government,negative,2006-09-01
Cumhuriyet Halk Partisi,82.64829999999999,0.5570802990709808,0.0,0.5176032127602015,opposition,negative,2006-09-01
Doğru Yol Partisi,32.52848,0.6421996933329229,0.5,0.5575571182606618,opposition,negative,2006-09-01
Bağımsız,22.92773,0.38136265897420707,0.0,0.20406917490628612,opposition,negative,2006-09-01
Anavatan Partisi,17.390625000000004,0.4003078876823853,0.0,0.23849554422268426,opposition,negative,2006-09-01
Cumhuriyet Halk Partisi,93.87244,0.412140041726993,0.6666666666666666,0.6735776618057336,opposition,negative,2006-10-01
Adalet ve Kalkınma Partisi,54.874539999999996,0.2834266173446746,0.0,0.4236221292077354,government,negative,2006-10-01
Anavatan Partisi,23.955800000000004,0.412140041726993,0.6666666666666666,0.5661663109418509,opposition,negative,2006-10-01
Bağımsız,4.1499999999999995,0.23529893223425885,0.0,0.21515839169393552,opposition,negative,2006-10-01
Cumhuriyet Halk Partisi,174.15689499999996,0.5218353890612748,0.6666666666666666,0.5855604101088543,opposition,negative,2006-11-01
Adalet ve Kalkınma Partisi,87.58774000000001,0.4086391413151285,0.0,0.5614717707338218,government,negative,2006-11-01
Anavatan Partisi,35.49852,0.39813483156369506,0.0,0.5475896927445578,opposition,negative,2006-11-01
Doğru Yol Partisi,5.77518,0.27519951434955503,0.0,0.06364661715942523,opposition,negative,2006-11-01
Bağımsız,5.31678,0.4207396771858318,0.5,0.19484120022792775,opposition,negative,2006-11-01
Cumhuriyet Halk Partisi,382.59968,0.4963310176234282,0.0,0.5254856781433808,opposition,negative,2006-12-01
Adalet ve Kalkınma Partisi,304.78268,0.4929731707148486,0.0,0.5224483146442525,government,negative,2006-12-01
Anavatan Partisi,117.29266999999999,0.6740316153559104,0.6666666666666666,0.5919347612339828,opposition,negative,2006-12-01
Bağımsız,58.55733,0.37826228294546876,0.0,0.1314057061000283,opposition,negative,2006-12-01
Doğru Yol Partisi,4.875,0.5522328228163768,0.5,0.2885452121224544,opposition,negative,2006-12-01
Adalet ve Kalkınma Partisi,108.37185,0.5110938300697413,0.6666666666666666,0.600985436722123,government,negative,2007-01-01
Cumhuriyet Halk Partisi,98.69391999999999,0.4293291088207198,0.5,0.4609046787027375,opposition,negative,2007-01-01
Bağımsız,20.13788,0.3396709678613545,0.0,0.4146163270958527,opposition,negative,2007-01-01
Anavatan Partisi,10.370890000000003,0.3513752049225879,0.0,0.4285764416454336,opposition,negative,2007-01-01
Doğru Yol Partisi,6.093749999999999,0.3012648719371779,0.0,0.2660806587670899,opposition,negative,2007-01-01
Adalet ve Kalkınma Partisi,84.638565,0.5437412704846931,0.0,0.4930839582501289,government,negative,2007-02-01
Cumhuriyet Halk Partisi,64.88564,0.3981131707020445,0.0,0.21956252587065594,opposition,negative,2007-02-01
Bağımsız,37.61316,0.41363139701119284,0.0,0.2492236554109038,opposition,negative,2007-02-01
Anavatan Partisi,35.4377,0.6623979237323189,0.5,0.5619699133276014,opposition,negative,2007-02-01
Doğru Yol Partisi,12.423185000000002,0.6604655476661669,0.5,0.5750981598369775,opposition,negative,2007-02-01
Cumhuriyet Halk Partisi,101.62227,0.5051073190147172,0.8333333333333333,0.6467915852714102,opposition,negative,2007-03-01
Anavatan Partisi,66.8085,0.4441489017863495,0.5,0.5574617711437484,opposition,negative,2007-03-01
Adalet ve Kalkınma Partisi,42.81203,0.3584691488346451,0.0,0.41366201434013067,government,negative,2007-03-01
Bağımsız,10.869140000000002,0.3065677013803075,0.0,0.28576326779713285,opposition,negative,2007-03-01
Doğru Yol Partisi,3.60018,0.22378865670880035,0.0,0.13461096391208544,opposition,negative,2007-03-01
Cumhuriyet Halk Partisi,94.25845,0.5533901244413032,0.5,0.5432367779025683,opposition,negative,2007-04-01
Adalet ve Kalkınma Partisi,50.3561,0.49060590935737064,0.0,0.5251444554320268,government,negative,2007-04-01
Doğru Yol Partisi,22.201629999999998,0.35050344135791733,0.0,0.2378444264692461,opposition,negative,2007-04-01
Bağımsız,14.195540000000001,0.5617049338178177,0.5,0.580616750891247,opposition,negative,2007-04-01
Anavatan Partisi,1.85,0.3251743477601944,0.0,0.18823209462002677,opposition,negative,2007-04-01
Cumhuriyet Halk Partisi,337.35526500000003,0.6230846367074013,0.6666666666666666,0.5424829989816559,opposition,negative,2007-05-01
Adalet ve Kalkınma Partisi,264.000185,0.5328575632131115,0.3333333333333333,0.5256025858664666,government,negative,2007-05-01
Anavatan Partisi,129.125985,0.48954630229209883,0.0,0.43793089618086933,opposition,negative,2007-05-01
Bağımsız,16.895755,0.4533702808698997,0.0,0.4535550637163669,opposition,negative,2007-05-01
Doğru Yol Partisi,7.465,0.33935654011665706,0.0,0.17876926999295836,opposition,negative,2007-05-01
Cumhuriyet Halk Partisi,195.582025,0.4360253812707785,0.0,0.7071067811842844,opposition,negative,2007-06-01
Adalet ve Kalkınma Partisi,16.68009,0.4360253812707785,0.0,0.7071067811842844,government,negative,2007-06-01
Anavatan Partisi,0.675,0.0,0.0,2.5300702751187565e-06,opposition,negative,2007-06-01
