party,weighted_degree,closeness_centrality,betweenness_centrality,eigenvector_centrality,party_bloc,layer,year
Adalet ve Kalkınma Partisi,1631.95,0.8297444996687746,0.8333333333333333,0.6151436443326735,government,total,2002
Cumhuriyet Halk Partisi,807.3499999999999,0.4730237744632647,0.0,0.24205001374013313,opposition,total,2002
Anavatan Partisi,18.7,0.43433545492722037,0.0,0.20050683213101347,opposition,total,2002
Bağımsız,7.4,0.5740732692824457,0.0,0.5084294238753612,opposition,total,2002
Doğru Yol Partisi,7.35,0.5822582759132328,0.0,0.5141075946648449,opposition,total,2002
Cumhuriyet Halk Partisi,20002.499999999996,0.4833295303588072,0.0,0.24572677058420414,opposition,total,2003
Adalet ve Kalkınma Partisi,17012.750000000004,0.7712077903948446,0.5,0.5644391186299308,government,total,2003
Anavatan Partisi,749.35,0.6493916202688466,0.0,0.4942223135731836,opposition,total,2003
Bağımsız,429.65000000000003,0.7714707379361414,0.5,0.5634627985444067,opposition,total,2003
Doğru Yol Partisi,163.85,0.482083204344118,0.0,0.24347651837785056,opposition,total,2003
Cumhuriyet Halk Partisi,15791.5,0.6185837399144148,0.5,0.3175312104670121,opposition,total,2004
Adalet ve Kalkınma Partisi,12462.599999999999,0.7420169266882961,0.6666666666666666,0.6023623366753218,government,total,2004
Anavatan Partisi,602.8000000000001,0.5344276378330133,0.0,0.5076799391797615,opposition,total,2004
Doğru Yol Partisi,459.74999999999994,0.40243513461231806,0.0,0.12961209770030885,opposition,total,2004
Bağımsız,173.4,0.5392171374811471,0.0,0.5116593878925311,opposition,total,2004
Cumhuriyet Halk Partisi,18167.199999999997,0.5276310305296211,0.0,0.2680995421783101,opposition,total,2005
Adalet ve Kalkınma Partisi,15571.499999999998,0.9257614322706892,0.8333333333333333,0.6348201055987075,government,total,2005
Anavatan Partisi,1801.0499999999997,0.6262608333268894,0.0,0.48204839144431194,opposition,total,2005
Doğru Yol Partisi,1101.1000000000001,0.5230435399480703,0.0,0.2627410936259346,opposition,total,2005
Bağımsız,688.4499999999999,0.6118939871018669,0.0,0.4729931659523483,opposition,total,2005
Adalet ve Kalkınma Partisi,14042.000000000002,0.7633930378856294,0.5,0.5661044986638762,government,total,2006
Cumhuriyet Halk Partisi,12966.25,0.63267061255383,0.0,0.4916807322263666,opposition,total,2006
Anavatan Partisi,4424.55,0.7562068807071005,0.5,0.5647160240762336,opposition,total,2006
Bağımsız,1490.6,0.4759161346763314,0.0,0.24832010778937255,opposition,total,2006
Doğru Yol Partisi,1302.15,0.47158705680800106,0.0,0.23918338230084157,opposition,total,2006
Cumhuriyet Halk Partisi,5344.900000000001,0.6229383323303637,0.5,0.32637781203604393,opposition,total,2007
Adalet ve Kalkınma Partisi,4912.4,0.7408570593080035,0.6666666666666666,0.6066580742821912,government,total,2007
Anavatan Partisi,1418.65,0.5400166506238379,0.0,0.5093949126280992,opposition,total,2007
Bağımsız,553.0500000000001,0.5299085164827119,0.0,0.500962869752874,opposition,total,2007
Doğru Yol Partisi,333.15,0.39221175334521247,0.0,0.12246032351894369,opposition,total,2007
Adalet ve Kalkınma Partisi,590.894395,0.8678053410512011,0.0,0.7071067811865475,government,positive,2002
Cumhuriyet Halk Partisi,184.23067,0.8678053410512011,0.0,0.7071067811865475,opposition,positive,2002
Adalet ve Kalkınma Partisi,5222.522295,0.5351112802436871,0.0,0.5015099597294193,government,positive,2003
Cumhuriyet Halk Partisi,4190.021709999999,0.5382178363155103,0.0,0.5039798805591723,opposition,positive,2003
Anavatan Partisi,109.48459,0.7468048371605133,0.6666666666666666,0.6010967463316776,opposition,positive,2003
Bağımsız,92.761155,0.6235537135276805,0.5,0.33471051369829147,opposition,positive,2003
Doğru Yol Partisi,45.671825,0.4116283105917714,0.0,0.14540843803939107,opposition,positive,2003
Adalet ve Kalkınma Partisi,4380.45171,0.7832647979111336,0.8333333333333333,0.6153035722838476,government,positive,2004
Cumhuriyet Halk Partisi,3582.37675,0.4709025026920969,0.0,0.2649275651440785,opposition,positive,2004
Anavatan Partisi,117.67169999999999,0.5528169727557265,0.0,0.5121769450806538,opposition,positive,2004
Doğru Yol Partisi,73.30514,0.3810727773703443,0.0,0.1665057572736717,opposition,positive,2004
Bağımsız,49.36908,0.5513093651694815,0.0,0.5110435489115736,opposition,positive,2004
Adalet ve Kalkınma Partisi,4533.04536,0.565842014456809,0.0,0.5092366067777016,government,positive,2005
Cumhuriyet Halk Partisi,3456.97004,0.4555433957576123,0.0,0.2289279136138342,opposition,positive,2005
Anavatan Partisi,392.076195,0.5749347671426469,0.0,0.5152060075329659,opposition,positive,2005
Doğru Yol Partisi,167.76865500000002,0.44892257396780916,0.0,0.22156811974772023,opposition,positive,2005
Bağımsız,116.77820499999999,0.8193212312560978,0.8333333333333333,0.6113431334360032,opposition,positive,2005
Adalet ve Kalkınma Partisi,3730.5785699999997,0.7489296363078655,0.5,0.5614329065183966,government,positive,2006
Cumhuriyet Halk Partisi,2555.9573550000005,0.46767811216683003,0.0,0.2442557238417327,opposition,positive,2006
Anavatan Partisi,1054.782355,0.7502622641400248,0.5,0.5709783579926742,opposition,positive,2006
Bağımsız,318.51353499999993,0.625921705059067,0.0,0.4970537709549897,opposition,positive,2006
Doğru Yol Partisi,184.75049999999996,0.45807905574783087,0.0,0.22815235333493916,opposition,positive,2006
Adalet ve Kalkınma Partisi,1138.951225,0.5607712319991213,0.0,0.5154329534747346,government,positive,2007
Cumhuriyet Halk Partisi,845.4453300000001,0.6581837214656535,0.5,0.5964770366467873,opposition,positive,2007
Anavatan Partisi,255.54696,0.6539534089607897,0.5,0.5364793517822938,opposition,positive,2007
Bağımsız,110.299995,0.4280090951069612,0.0,0.26433292821666493,opposition,positive,2007
Doğru Yol Partisi,65.604895,0.3479385946132886,0.0,0.14443691840049996,opposition,positive,2007
Adalet ve Kalkınma Partisi,137.87199,0.2579764715147244,0.8333333333333333,0.7026836261091438,government,negative,2002
Cumhuriyet Halk Partisi,120.16921,0.24064332463482915,0.5,0.488094163564905,opposition,negative,2002
Bağımsız,5.920000000000001,0.21450323697072973,0.0,0.5067805487786471,opposition,negative,2002
Anavatan Partisi,3.35,0.13058761013350625,0.0,0.07896658532628927,opposition,negative,2002
Doğru Yol Partisi,0.675,0.10479675323547825,0.0,0.07026779399910046,opposition,negative,2002
Cumhuriyet Halk Partisi,2997.6273800000004,0.48210930083183295,0.0,0.25302644661477425,opposition,negative,2003
Adalet ve Kalkınma Partisi,1959.0386099999998,0.7651038833524486,0.5,0.5695758689257019,government,negative,2003
Anavatan Partisi,175.806575,0.6409179062468031,0.0,0.4924555685595701,opposition,negative,2003
Bağımsız,61.6117,0.4745313120406945,0.0,0.24045682008738423,opposition,negative,2003
Doğru Yol Partisi,15.643810000000002,0.7595286110128124,0.5,0.5578789989945546,opposition,negative,2003
Cumhuriyet Halk Partisi,2323.8938249999997,0.775020098633518,0.8333333333333333,0.6140937412832461,opposition,negative,2004
Adalet ve Kalkınma Partisi,1039.61677,0.5558520858186802,0.0,0.5245479995879831,government,negative,2004
Anavatan Partisi,118.02266499999999,0.5309469767731938,0.0,0.5055637535836159,opposition,negative,2004
Doğru Yol Partisi,106.586735,0.3999857222347064,0.0,0.1913070001639039,opposition,negative,2004
Bağımsız,17.44607,0.4400805814187434,0.0,0.23568028300161992,opposition,negative,2004
Cumhuriyet Halk Partisi,2933.7228750000004,0.6138864473855127,0.0,0.4979770517653837,opposition,negative,2005
Adalet ve Kalkınma Partisi,1958.8351550000002,0.742950250634927,0.5,0.5666889945696016,government,negative,2005
Anavatan Partisi,302.535855,0.45804029421439,0.0,0.24043365184438795,opposition,negative,2005
Doğru Yol Partisi,156.50208000000003,0.7356309780321473,0.5,0.5685097126883216,opposition,negative,2005
Bağımsız,149.449445,0.44840548053167867,0.0,0.22331772206558964,opposition,negative,2005
Cumhuriyet Halk Partisi,2095.25675,0.4237969880837042,0.0,0.15529231066837282,opposition,negative,2006
Adalet ve Kalkınma Partisi,1580.478575,0.627135626461978,0.5,0.3340705736676666,government,negative,2006
Anavatan Partisi,648.84057,0.7557461246928278,0.6666666666666666,0.5994569883495994,opposition,negative,2006
Doğru Yol Partisi,262.611995,0.5454702888427732,0.0,0.5046760134471039,opposition,negative,2006
Bağımsız,196.78744,0.5399000033264576,0.0,0.5002345356196436,opposition,negative,2006
Cumhuriyet Halk Partisi,892.3975699999999,0.3932914981015385,0.0,0.1518607709285262,opposition,negative,2007
Adalet ve Kalkınma Partisi,566.8588199999999,0.5700623348745806,0.5,0.31507984257881255,government,negative,2007
Anavatan Partisi,244.268075,0.5161904613533174,0.0,0.5221119295313335,opposition,negative,2007
Bağımsız,99.711475,0.48783918155386674,0.0,0.49613793960826635,opposition,negative,2007
Doğru Yol Partisi,51.783744999999996,0.6942205259146682,0.6666666666666666,0.599090374631271,opposition,negative,2007
