layer,party_nodes,concept_nodes,bipartite_edges,party_projection_edges,concept_projection_edges,party_projection_density,concept_projection_density,party_bloc_assortativity,avg_party_closeness,avg_party_betweenness,avg_concept_closeness,avg_concept_betweenness,party_avg_path_lcc,concept_avg_path_lcc,date
total,2,10,20,1,16,1.0,0.35555555555555557,-1.0,0.6213835715527357,0.0,0.4228635902514533,0.17777777777777776,1.609311938359046,2.5134283894723706,2002-11-01
total,5,12,32,5,24,0.5,0.36363636363636365,-0.6666666666666671,0.5735126142334075,0.16666666666666666,0.45348607061054147,0.12878787878787878,1.8321170306145274,2.342593137136561,2002-12-01
total,4,12,30,3,23,0.5,0.3484848484848485,-0.5000000000000001,0.5357895592547486,0.3333333333333333,0.45548292885161806,0.12727272727272726,1.9322718888607742,2.3409178595482,2003-01-01
total,4,12,23,3,23,0.5,0.3484848484848485,-1.0,0.21942024067453464,0.25,0.42456682036721544,0.14242424242424243,5.1859277665293435,2.511695007303372,2003-02-01
total,5,12,46,5,24,0.5,0.36363636363636365,-0.6666666666666671,0.6099065658650659,0.16666666666666666,0.42683273296463936,0.14242424242424243,1.719026769729,2.446177834319161,2003-03-01
total,5,12,39,5,24,0.5,0.36363636363636365,-0.24999999999999983,0.5636810550449454,0.2333333333333333,0.42183193483003095,0.14848484848484847,1.8395151811029304,2.50202195454572,2003-04-01
total,5,12,47,5,24,0.5,0.36363636363636365,-0.24999999999999983,0.5525386883236093,0.2333333333333333,0.47459987591926595,0.1136363636363636,1.8800501809611685,2.241478418959965,2003-05-01
total,4,12,35,3,24,0.5,0.36363636363636365,-0.5000000000000001,0.5188533847779883,0.3333333333333333,0.4573673687787629,0.12424242424242425,2.0293978863049076,2.3566092218692893,2003-06-01
total,4,12,34,3,24,0.5,0.36363636363636365,-1.0,0.585769420775754,0.25,0.46983743329722666,0.12424242424242425,1.7948727179655235,2.272935339616536,2003-07-01
total,0,0,0,0,0,0.0,0.0,0.0,0.0,0.0,0.0,0.0,0.0,0.0,2003-08-01
total,0,0,0,0,0,0.0,0.0,0.0,0.0,0.0,0.0,0.0,0.0,0.0,2003-09-01
total,2,12,24,1,24,1.0,0.36363636363636365,-1.0,0.9684248116913543,0.0,0.4709832210531904,0.11666666666666665,1.0326046874547747,2.2392569276624563,2003-10-01
total,5,12,36,5,24,0.5,0.36363636363636365,-0.4285714285714284,0.5505314471648299,0.2,0.4806500423350566,0.11212121212121211,1.9178091038732799,2.175717180790338,2003-11-01
total,5,12,49,5,24,0.5,0.36363636363636365,-0.24999999999999983,0.5536089512341142,0.2333333333333333,0.4464381252580744,0.12878787878787878,1.8728704859956575,2.323679225375923,2003-12-01
total,4,11,28,3,20,0.5,0.36363636363636365,-0.5000000000000001,0.59338106505202,0.3333333333333333,0.4552340701261612,0.14343434343434344,1.7556369732910901,2.3551237094611617,2004-01-01
total,5,12,44,5,24,0.5,0.36363636363636365,-0.6666666666666671,0.4978020795077877,0.16666666666666666,0.4704617866293988,0.12272727272727274,2.160804435223631,2.2641228040165275,2004-02-01
total,3,11,23,2,20,0.6666666666666666,0.36363636363636365,-1.0,0.665633058380572,0.3333333333333333,0.4395200814772846,0.1393939393939394,1.5579713312102879,2.3727217610273015,2004-03-01
total,4,12,38,3,24,0.5,0.36363636363636365,-0.5000000000000001,0.5117216727334022,0.3333333333333333,0.45645274244031725,0.1196969696969697,2.0532350306316616,2.2856247058312524,2004-04-01
total,5,12,33,5,23,0.5,0.3484848484848485,-0.4285714285714284,0.4931659909088298,0.2,0.41923886600994376,0.12272727272727274,2.143155575550808,2.602860786180104,2004-05-01
total,5,12,39,5,24,0.5,0.36363636363636365,-0.24999999999999983,0.5252156463374356,0.2,0.4688189501374956,0.1212121212121212,2.0058020444270697,2.2371878281316517,2004-06-01
total,4,12,42,3,24,0.5,0.36363636363636365,-0.5000000000000001,0.4824516022589532,0.3333333333333333,0.5191333706459805,0.09696969696969697,2.1887630038389303,2.044603904957442,2004-07-01
total,4,6,11,3,5,0.5,0.3333333333333333,-1.0,0.15603487369934488,0.25,0.34014805102832013,0.3333333333333333,7.026873596592339,3.168662128061425,2004-08-01
total,4,10,27,3,16,0.5,0.35555555555555557,-0.1999999999999996,0.4701540195133058,0.25,0.4522914612827793,0.14166666666666666,2.2744966990968893,2.3514294892672356,2004-09-01
total,4,11,29,3,18,0.5,0.32727272727272727,-0.5000000000000001,0.5490441958290682,0.3333333333333333,0.39877219522736307,0.1515151515151515,1.9042972929013169,2.721846371604214,2004-10-01
total,5,11,39,5,20,0.5,0.36363636363636365,-0.24999999999999983,0.47908478662849474,0.16666666666666666,0.45969220865,0.1393939393939394,2.202928513823304,2.3158551185414398,2004-11-01
total,5,12,51,5,24,0.5,0.36363636363636365,-0.6666666666666671,0.599860257279216,0.16666666666666666,0.4163199513379114,0.14848484848484847,1.7431435316001909,2.534959890633797,2004-12-01
total,5,12,40,5,24,0.5,0.36363636363636365,-0.4285714285714284,0.5273870548479718,0.2,0.42803555784886566,0.13333333333333333,1.9832019439604474,2.430330281333493,2005-01-01
total,5,12,42,5,24,0.5,0.36363636363636365,-0.24999999999999983,0.298192476131997,0.2333333333333333,0.4339826128066513,0.14393939393939395,3.837077735781184,2.499853147437835,2005-02-01
total,5,11,42,5,20,0.5,0.36363636363636365,-0.4285714285714284,0.4733873050888679,0.2,0.5002005108135145,0.1191919191919192,2.2749182514973247,2.117754754213602,2005-03-01
total,5,12,41,5,24,0.5,0.36363636363636365,-0.4285714285714284,0.5614243242866754,0.2333333333333333,0.4638672131417456,0.12272727272727273,1.849256780954248,2.2992814326446633,2005-04-01
total,5,12,41,5,24,0.5,0.36363636363636365,-0.6666666666666671,0.5731494090544457,0.16666666666666666,0.46657304453322607,0.12272727272727273,1.8261020758896387,2.311975747550368,2005-05-01
total,5,12,46,5,24,0.5,0.36363636363636365,-0.4285714285714284,0.42248583086625563,0.2333333333333333,0.4618572840520823,0.13030303030303028,2.4413438967824437,2.3312124910448015,2005-06-01
total,3,10,20,2,15,0.6666666666666666,0.3333333333333333,-1.0,0.5349915739442632,0.3333333333333333,0.34635960766265766,0.22222222222222224,1.9425274507676924,3.0744264555806353,2005-07-01
total,0,0,0,0,0,0.0,0.0,0.0,0.0,0.0,0.0,0.0,0.0,0.0,2005-08-01
total,3,8,17,2,10,0.6666666666666666,0.35714285714285715,-1.0,0.7695915687204659,0.3333333333333333,0.46000103886843413,0.19642857142857142,1.3475166415751143,2.298812904808517,2005-09-01
total,5,12,48,5,24,0.5,0.36363636363636365,-0.4285714285714284,0.5340469258846959,0.2333333333333333,0.4061134061901437,0.15,1.9481585163056505,2.6546834614991814,2005-10-01
total,5,12,45,5,24,0.5,0.36363636363636365,-0.4285714285714284,0.5438262984849247,0.2,0.4183405341455732,0.13787878787878788,1.9245180363224776,2.537080465834876,2005-11-01
total,5,12,53,5,24,0.5,0.36363636363636365,-0.24999999999999983,0.5671617122338664,0.2333333333333333,0.434982267325473,0.13636363636363635,1.8361174804937217,2.4401900321348537,2005-12-01
total,5,12,45,5,24,0.5,0.36363636363636365,-0.4285714285714284,0.6203498302708291,0.2,0.40997805221881456,0.12727272727272726,1.6835546495685534,2.554040055093569,2006-01-01
total,5,12,48,5,23,0.5,0.3484848484848485,-0.24999999999999983,0.6141375219581076,0.16666666666666666,0.48167956819403385,0.0984848484848485,1.70358304659077,2.1957104761893804,2006-02-01
total,5,12,50,5,24,0.5,0.36363636363636365,-0.4285714285714284,0.5651061100312205,0.2,0.45044440701592375,0.12424242424242427,1.8725088490025565,2.365860696733458,2006-03-01
total,5,12,46,5,24,0.5,0.36363636363636365,-0.4285714285714284,0.5691967396399777,0.2,0.49103465445640876,0.10454545454545454,1.8389009187562824,2.169417471071511,2006-04-01
total,5,12,52,5,24,0.5,0.36363636363636365,-0.11111111111111124,0.6328400467525779,0.16666666666666666,0.44357005142269607,0.1212121212121212,1.651393357953258,2.3968311318446487,2006-05-01
total,5,12,53,5,24,0.5,0.36363636363636365,-0.4285714285714284,0.6078628297963201,0.2,0.5237900787484614,0.08333333333333333,1.6878420375344731,1.9844380940036817,2006-06-01
total,0,0,0,0,0,0.0,0.0,0.0,0.0,0.0,0.0,0.0,0.0,0.0,2006-07-01
total,0,0,0,0,0,0.0,0.0,0.0,0.0,0.0,0.0,0.0,0.0,0.0,2006-08-01
total,5,11,45,5,20,0.5,0.36363636363636365,-0.4285714285714284,0.5496074321406336,0.2,0.4358268280684187,0.13131313131313133,1.9220473263499458,2.4958028705076867,2006-09-01
total,5,12,41,5,22,0.5,0.3333333333333333,-0.4285714285714284,0.4715206077476073,0.2,0.41934212160631373,0.12272727272727273,2.270204646021789,2.567472689642536,2006-10-01
total,5,12,46,5,24,0.5,0.36363636363636365,-0.4285714285714284,0.3554094885260725,0.2,0.4235801114638413,0.13636363636363635,3.1077768495609486,2.5105098738034703,2006-11-01
total,5,12,54,5,24,0.5,0.36363636363636365,-0.4285714285714284,0.5821827215934545,0.2333333333333333,0.4696061611519247,0.1196969696969697,1.7832022657598086,2.2715236245632924,2006-12-01
total,5,11,45,5,20,0.5,0.36363636363636365,-0.4285714285714284,0.5497236185580457,0.2,0.4867897908046965,0.11313131313131314,1.8934089222385715,2.112748443237708,2007-01-01
total,5,11,48,5,20,0.5,0.36363636363636365,-0.4285714285714284,0.5590517845787419,0.2333333333333333,0.5192146124418152,0.10303030303030303,1.861934197054795,2.042432171164864,2007-02-01
total,5,12,47,5,23,0.5,0.3484848484848485,-0.4285714285714284,0.5151505356716897,0.2,0.49258363715052106,0.08787878787878788,2.0822412828783508,2.117647680323699,2007-03-01
total,5,11,43,5,20,0.5,0.36363636363636365,-0.4285714285714284,0.5095461793344558,0.2,0.4906901412006413,0.10909090909090911,2.095446327877916,2.1773145541578027,2007-04-01
total,5,12,45,5,24,0.5,0.36363636363636365,-0.6666666666666671,0.5764362238243785,0.16666666666666666,0.49887632440159907,0.10303030303030303,1.819929097960475,2.1124734367365154,2007-05-01
total,4,12,26,3,20,0.5,0.30303030303030304,-0.1999999999999996,0.3760764324975952,0.3333333333333333,0.24614479239223386,0.1393939393939394,2.7539009240445274,5.10491153606583,2007-06-01
total,0,0,0,0,0,0.0,0.0,0.0,0.0,0.0,0.0,0.0,0.0,0.0,2007-07-01
positive,2,10,14,1,16,1.0,0.35555555555555557,-1.0,0.3653702069652389,0.0,0.43665664559046447,0.17499999999999996,2.7369500329706393,2.4098367437803874,2002-11-01
positive,2,11,18,1,20,1.0,0.36363636363636365,-1.0,0.8766509865345132,0.0,0.38926871111920214,0.17575757575757575,1.140704813386565,2.6267953889688314,2002-12-01
positive,4,10,22,3,16,0.5,0.35555555555555557,-0.5000000000000001,0.523736368993081,0.3333333333333333,0.4531096720409867,0.15277777777777776,1.9678634055711959,2.304556794695284,2003-01-01
positive,3,9,18,2,13,0.6666666666666666,0.3611111111111111,-0.3333333333333333,0.6858987369226703,0.3333333333333333,0.43582375829164166,0.18253968253968253,1.5119397532082381,2.3829293940444782,2003-02-01
positive,5,11,32,5,20,0.5,0.36363636363636365,-0.24999999999999983,0.48950339221495487,0.2333333333333333,0.4770455884168841,0.13333333333333333,2.134001691386206,2.2346616002021884,2003-03-01
positive,5,12,26,4,23,0.4,0.3484848484848485,-0.6,0.13504593131852455,0.26666666666666666,0.4204315556765789,0.14545454545454545,9.183661911527482,2.584449277907305,2003-04-01
positive,5,10,29,5,16,0.5,0.35555555555555557,-0.24999999999999983,0.5235396674152692,0.2333333333333333,0.4575105319219598,0.15277777777777776,1.980932810016513,2.3047677006859413,2003-05-01
positive,4,11,25,3,20,0.5,0.36363636363636365,-0.1999999999999996,0.24641242776445813,0.3333333333333333,0.4914398350746925,0.11515151515151517,4.088560238549767,2.13885627087655,2003-06-01
positive,4,11,26,3,20,0.5,0.36363636363636365,-0.1999999999999996,0.2929966155177836,0.3333333333333333,0.47568743854519685,0.13333333333333333,3.616219384432565,2.243313046015521,2003-07-01
positive,0,0,0,0,0,0.0,0.0,0.0,0.0,0.0,0.0,0.0,0.0,0.0,2003-08-01
positive,0,0,0,0,0,0.0,0.0,0.0,0.0,0.0,0.0,0.0,0.0,0.0,2003-09-01
positive,2,10,18,1,16,1.0,0.35555555555555557,-1.0,0.9364835276819298,0.0,0.42488380213072363,0.17222222222222222,1.067824441584458,2.4654429070067017,2003-10-01
positive,4,10,29,3,16,0.5,0.35555555555555557,-0.5000000000000001,0.49174424031848596,0.3333333333333333,0.36465123869031857,0.20833333333333331,2.0960643869890307,2.8931802127841095,2003-11-01
positive,5,11,37,5,20,0.5,0.36363636363636365,-0.24999999999999983,0.5150872437028565,0.2333333333333333,0.464422245907804,0.13939393939393938,2.019731249500714,2.2894920849606115,2003-12-01
positive,4,11,26,3,20,0.5,0.36363636363636365,-1.0,0.6621177394973308,0.25,0.46679519889253757,0.12929292929292927,1.586103384586271,2.266408332040929,2004-01-01
positive,5,11,26,4,19,0.4,0.34545454545454546,-0.6,0.2745677314537073,0.26666666666666666,0.40503607158643484,0.16767676767676767,4.06586334541276,2.678482792357364,2004-02-01
positive,3,8,16,2,10,0.6666666666666666,0.35714285714285715,-1.0,0.5791116980326182,0.3333333333333333,0.44610914922094674,0.20238095238095233,1.7908709728953596,2.3609237268193928,2004-03-01
positive,4,11,27,3,19,0.5,0.34545454545454546,-1.0,0.44841704041730746,0.25,0.3794883425555278,0.17777777777777778,2.367405500276535,2.7439717138288016,2004-04-01
positive,4,8,21,3,10,0.5,0.35714285714285715,-0.5000000000000001,0.363626029279164,0.3333333333333333,0.44449307908967106,0.20833333333333331,2.9222168913117472,2.3354319138971555,2004-05-01
positive,5,11,27,5,20,0.5,0.36363636363636365,-0.24999999999999983,0.4757244725190362,0.2333333333333333,0.4386780380130167,0.14747474747474748,2.2025109622652392,2.382531918092429,2004-06-01
positive,4,9,27,3,13,0.5,0.3611111111111111,-0.5000000000000001,0.2998285262532708,0.3333333333333333,0.5114929658355756,0.13492063492063494,3.5983111323392802,2.0712154788967627,2004-07-01
positive,2,4,5,1,3,1.0,0.5,-1.0,0.18198582570848348,0.0,0.39417988515156693,0.25,5.494933443892844,2.766675401795316,2004-08-01
positive,3,7,15,2,7,0.6666666666666666,0.3333333333333333,-0.3333333333333333,0.35546869705786627,0.3333333333333333,0.42858166154386446,0.2571428571428571,2.97127327735757,2.4495838599218707,2004-09-01
positive,4,10,20,3,14,0.5,0.3111111111111111,-0.1999999999999996,0.4616518710874246,0.25,0.29649590481171734,0.20555555555555555,2.286573434973909,3.663626944266854,2004-10-01
positive,4,11,24,3,19,0.5,0.34545454545454546,-0.5000000000000001,0.3882042429510655,0.3333333333333333,0.44343712416676345,0.1373737373737374,2.7657400564287253,2.358003720751491,2004-11-01
positive,5,11,32,5,20,0.5,0.36363636363636365,-0.4285714285714284,0.4185523104107096,0.2,0.47516933289224567,0.13333333333333333,2.5196706523427013,2.228321291988551,2004-12-01
positive,5,11,24,4,16,0.4,0.2909090909090909,-1.0,0.2994950431460617,0.2,0.20400859991983883,0.19595959595959594,3.712989541992669,6.144806018920738,2005-01-01
positive,4,12,26,3,23,0.5,0.3484848484848485,-1.0,0.5868055814516735,0.25,0.42885787408084036,0.1318181818181818,1.7908131929739042,2.4311523253924325,2005-02-01
positive,4,11,23,3,20,0.5,0.36363636363636365,-0.5000000000000001,0.2604488256436673,0.3333333333333333,0.46898112770749606,0.13535353535353536,4.199818973036845,2.2696633715707772,2005-03-01
positive,5,10,30,5,16,0.5,0.35555555555555557,-0.24999999999999983,0.5394011208865852,0.2333333333333333,0.46752276582236246,0.14444444444444443,1.9273955907222469,2.2545096292464057,2005-04-01
positive,5,10,28,5,16,0.5,0.35555555555555557,-0.4285714285714284,0.4031218046421451,0.2,0.3847384661690249,0.16666666666666666,2.6433145566032374,2.7856801323534652,2005-05-01
positive,5,11,33,5,19,0.5,0.34545454545454546,-0.6666666666666671,0.12639679351407723,0.16666666666666666,0.41892848524714715,0.15151515151515152,9.445673190836727,2.5668705657845146,2005-06-01
positive,2,8,11,1,9,1.0,0.32142857142857145,-1.0,0.34367010608788334,0.0,0.39459359887193335,0.24404761904761904,2.909767193263763,2.655418173697535,2005-07-01
positive,0,0,0,0,0,0.0,0.0,0.0,0.0,0.0,0.0,0.0,0.0,0.0,2005-08-01
positive,3,5,8,2,4,0.6666666666666666,0.4,-1.0,0.1255823731965581,0.3333333333333333,0.49240433685034,0.26666666666666666,8.65920689964769,2.1399790070299276,2005-09-01
positive,5,11,28,5,17,0.5,0.3090909090909091,-0.4285714285714284,0.4280816098149218,0.2333333333333333,0.10803713506503825,0.14545454545454548,2.4074206756911876,13.672456527355823,2005-10-01
positive,5,11,35,5,19,0.5,0.34545454545454546,-0.24999999999999983,0.32711968396717567,0.2,0.46439272166187673,0.11515151515151517,3.2727412109452674,2.25403270316009,2005-11-01
positive,5,11,46,5,20,0.5,0.36363636363636365,-0.24999999999999983,0.6260450838774286,0.16666666666666666,0.49398756058953963,0.11515151515151517,1.6708728717319254,2.105795015237241,2005-12-01
positive,5,11,34,5,17,0.5,0.3090909090909091,-0.4285714285714284,0.5761842649121964,0.2333333333333333,0.2947069726374292,0.11717171717171716,1.8042726910233386,4.059058233034781,2006-01-01
positive,5,10,39,5,16,0.5,0.35555555555555557,-0.24999999999999983,0.4446752303678284,0.2333333333333333,0.5164390201988548,0.10277777777777777,2.3977000150529673,2.0135675586392674,2006-02-01
positive,5,11,36,5,20,0.5,0.36363636363636365,-0.4285714285714284,0.49265682151751583,0.2,0.46289433191790474,0.12525252525252525,2.1864331874839626,2.2613422448867047,2006-03-01
positive,5,11,34,5,19,0.5,0.34545454545454546,-0.4285714285714284,0.47946944650155476,0.2,0.4551591367773765,0.12121212121212123,2.204109462531975,2.323048137993511,2006-04-01
positive,4,11,36,3,20,0.5,0.36363636363636365,-0.5000000000000001,0.546704245768539,0.3333333333333333,0.4241561399844606,0.14343434343434344,1.9057128281674336,2.477922993081789,2006-05-01
positive,5,12,48,5,24,0.5,0.36363636363636365,-0.4285714285714284,0.5937683795883302,0.2,0.44929541724152067,0.10606060606060606,1.7617663065121865,2.332413934844235,2006-06-01
positive,0,0,0,0,0,0.0,0.0,0.0,0.0,0.0,0.0,0.0,0.0,0.0,2006-07-01
positive,0,0,0,0,0,0.0,0.0,0.0,0.0,0.0,0.0,0.0,0.0,0.0,2006-08-01
positive,5,9,27,5,13,0.5,0.3611111111111111,-0.4285714285714284,0.49752373358628255,0.2,0.3609896641224269,0.14285714285714285,2.1321530941286317,3.1253071554949665,2006-09-01
positive,4,10,26,3,16,0.5,0.35555555555555557,-0.1999999999999996,0.46837148628946645,0.25,0.45018610320802954,0.11111111111111109,2.251113561669248,2.265484139459848,2006-10-01
positive,4,9,27,3,13,0.5,0.3611111111111111,-0.1999999999999996,0.43797284653342283,0.3333333333333333,0.48233203016080434,0.1388888888888889,2.4235117432384574,2.1737076217869093,2006-11-01
positive,5,11,35,5,20,0.5,0.36363636363636365,-0.4285714285714284,0.31904483379839543,0.2,0.4658183415547504,0.11515151515151517,3.5485230119340208,2.308323328998234,2006-12-01
positive,5,9,27,5,13,0.5,0.3611111111111111,-0.4285714285714284,0.39403262355115787,0.2,0.4467932050307623,0.16269841269841268,2.656485221674326,2.3647002260025287,2007-01-01
positive,5,11,38,5,19,0.5,0.34545454545454546,-0.24999999999999983,0.5158479945661948,0.2333333333333333,0.41874397942448555,0.1393939393939394,2.009649424542409,2.586463643527685,2007-02-01
positive,5,10,31,5,16,0.5,0.35555555555555557,-0.24999999999999983,0.2528002100624247,0.16666666666666666,0.3686041602875859,0.14166666666666666,4.7077551961293524,2.8631749299063314,2007-03-01
positive,5,11,29,4,19,0.4,0.34545454545454546,-0.3333333333333333,0.2834835575941478,0.3333333333333333,0.4022509726318161,0.15959595959595957,3.8790056410333995,2.657511751966713,2007-04-01
positive,5,11,36,5,19,0.5,0.34545454545454546,-0.24999999999999983,0.47349910827737174,0.16666666666666666,0.4130317634015487,0.15151515151515152,2.23224716432048,2.5751227466032107,2007-05-01
positive,4,9,18,3,13,0.5,0.3611111111111111,-0.1999999999999996,0.27889415542663465,0.25,0.4897349259423706,0.1468253968253968,3.8023928362216792,2.1524943820691638,2007-06-01
positive,0,0,0,0,0,0.0,0.0,0.0,0.0,0.0,0.0,0.0,0.0,0.0,2007-07-01
negative,2,8,12,1,9,1.0,0.32142857142857145,-1.0,0.8270401792746431,0.0,0.3827567876220155,0.26785714285714285,1.2091310979317251,2.7258110166652556,2002-11-01
negative,5,11,23,4,19,0.4,0.34545454545454546,-0.6,0.19525358123993736,0.26666666666666666,0.41020592454990223,0.15353535353535355,5.8487881587126305,2.5245451339407943,2002-12-01
negative,4,12,24,3,22,0.5,0.3333333333333333,-0.5000000000000001,0.5250959403571418,0.3333333333333333,0.4327541557143692,0.1318181818181818,2.0002658596007854,2.4873935116894947,2003-01-01
negative,2,12,19,1,21,1.0,0.3181818181818182,-1.0,0.9638910671530362,0.0,0.36227913766102166,0.17575757575757575,1.0374616324162187,2.8878905353721445,2003-02-01
negative,4,12,33,3,24,0.5,0.36363636363636365,-0.5000000000000001,0.580835794056805,0.3333333333333333,0.45674415423513803,0.12575757575757576,1.7970991442575421,2.320757788573899,2003-03-01
negative,5,12,27,5,23,0.5,0.3484848484848485,-0.4285714285714284,0.3992738421138473,0.2333333333333333,0.38888720056664566,0.1590909090909091,2.7467490936678383,2.6920877895007296,2003-04-01
negative,5,12,33,5,23,0.5,0.3484848484848485,-0.24999999999999983,0.44656505208877695,0.2333333333333333,0.36571679926825484,0.10303030303030303,2.371669676961384,3.0540649982106665,2003-05-01
negative,4,12,23,3,23,0.5,0.3484848484848485,-0.5000000000000001,0.0709308887392127,0.3333333333333333,0.43943432074528493,0.1318181818181818,15.787795504085809,2.4333877677950753,2003-06-01
negative,4,11,24,3,20,0.5,0.36363636363636365,-1.0,0.5810489790845523,0.25,0.46212233987730317,0.14343434343434344,1.8085970545101906,2.3122772487779155,2003-07-01
negative,0,0,0,0,0,0.0,0.0,0.0,0.0,0.0,0.0,0.0,0.0,0.0,2003-08-01
negative,0,0,0,0,0,0.0,0.0,0.0,0.0,0.0,0.0,0.0,0.0,0.0,2003-09-01
negative,2,11,18,1,19,1.0,0.34545454545454546,-1.0,0.7515717741701036,0.0,0.40365296299729764,0.1575757575757576,1.330544911833889,2.547483190221199,2003-10-01
negative,4,12,24,3,24,0.5,0.36363636363636365,-0.1999999999999996,0.10074974485520535,0.25,0.4435101371205909,0.11666666666666665,11.846299336788839,2.3261076540591494,2003-11-01
negative,5,11,35,5,20,0.5,0.36363636363636365,-0.6666666666666671,0.6041153061397487,0.16666666666666666,0.45232303870129476,0.13737373737373737,1.7263071578516764,2.3204158985413863,2003-12-01
negative,2,10,17,1,16,1.0,0.35555555555555557,-1.0,0.7809433831507044,0.0,0.42144258062176976,0.17777777777777776,1.2805025582847183,2.5188068751877988,2004-01-01
negative,4,11,30,3,20,0.5,0.36363636363636365,-0.1999999999999996,0.4979647728136589,0.3333333333333333,0.5105388290882258,0.11111111111111112,2.0968191880669256,2.047746575409965,2004-02-01
negative,3,7,12,2,7,0.6666666666666666,0.3333333333333333,-1.0,0.7150661484804465,0.3333333333333333,0.39568268756955677,0.2857142857142857,1.450284697464334,2.6348491462257266,2004-03-01
negative,4,12,26,3,23,0.5,0.3484848484848485,-1.0,0.2143364363964542,0.25,0.4790045503160834,0.09999999999999999,5.314863828787296,2.1745434520414157,2004-04-01
negative,4,11,21,3,20,0.5,0.36363636363636365,-0.1999999999999996,0.3073914975678774,0.3333333333333333,0.4663229316535958,0.13333333333333333,3.2886707584367287,2.2408463482769885,2004-05-01
negative,4,12,27,3,24,0.5,0.36363636363636365,-0.1999999999999996,0.4716388109216212,0.3333333333333333,0.3743778327934237,0.16969696969696968,2.202828519277529,2.7396495147515894,2004-06-01
negative,4,11,34,3,20,0.5,0.36363636363636365,-0.5000000000000001,0.4132179954296765,0.3333333333333333,0.4824310933863329,0.1212121212121212,2.5521555203039767,2.201165690217218,2004-07-01
negative,2,2,3,1,1,1.0,1.0,-1.0,0.9645412326286136,0.0,0.9028124816553927,0.0,1.036762313700942,1.1076497282873234,2004-08-01
negative,4,10,19,3,14,0.5,0.3111111111111111,-0.5000000000000001,0.2837455146568066,0.3333333333333333,0.3421418237480158,0.22777777777777777,3.9510739565198563,3.071156374042566,2004-09-01
negative,4,6,11,3,6,0.5,0.4,-0.5000000000000001,0.4233326330299197,0.3333333333333333,0.47227076109266247,0.26666666666666666,2.451706513463222,2.20734558850611,2004-10-01
negative,4,11,20,3,18,0.5,0.32727272727272727,-0.1999999999999996,0.396873552719143,0.25,0.404426113242959,0.16161616161616163,2.673607987476954,2.6401578083774964,2004-11-01
negative,5,12,34,5,24,0.5,0.36363636363636365,-0.24999999999999983,0.32017386109736934,0.2,0.46156735953324485,0.11969696969696969,3.3718279584474744,2.239214971789424,2004-12-01
negative,5,11,27,5,20,0.5,0.36363636363636365,-0.24999999999999983,0.39158950287521205,0.2333333333333333,0.46586872620860564,0.13131313131313133,2.6340094833498577,2.270420383419892,2005-01-01
negative,5,11,27,5,20,0.5,0.36363636363636365,-0.24999999999999983,0.23875129616820923,0.2333333333333333,0.4715313370181352,0.12323232323232323,4.4774874968278535,2.2176631240100564,2005-02-01
negative,5,10,27,4,16,0.4,0.35555555555555557,-0.3333333333333333,0.121806091481323,0.3333333333333333,0.4836494105471189,0.13333333333333336,10.248386643274705,2.188873751244562,2005-03-01
negative,5,11,26,5,19,0.5,0.34545454545454546,-0.4285714285714284,0.4899339588702037,0.2,0.4241495083696526,0.1575757575757576,2.127311916493443,2.5129225389002277,2005-04-01
negative,5,12,27,5,23,0.5,0.3484848484848485,-0.11111111111111124,0.484927029028137,0.2333333333333333,0.3904602880666197,0.1515151515151515,2.145982451892608,2.724112914357056,2005-05-01
negative,4,12,31,3,24,0.5,0.36363636363636365,-0.5000000000000001,0.3782017365428059,0.3333333333333333,0.4796036166393076,0.11515151515151516,2.8162496896317006,2.2265657707845325,2005-06-01
negative,3,9,12,2,9,0.6666666666666666,0.25,-1.0,0.302381266167487,0.3333333333333333,0.150491895416785,0.19444444444444445,3.4944018653072617,7.070119182971665,2005-07-01
negative,0,0,0,0,0,0.0,0.0,0.0,0.0,0.0,0.0,0.0,0.0,0.0,2005-08-01
negative,3,7,12,2,7,0.6666666666666666,0.3333333333333333,-0.3333333333333333,0.025306806858565952,0.3333333333333333,0.4133813736528363,0.22857142857142856,43.702052934732386,2.531152611167185,2005-09-01
negative,5,12,32,5,21,0.5,0.3181818181818182,-0.24999999999999983,0.5302026912599239,0.2,0.3646984386349294,0.14242424242424243,1.987568345166761,2.923620584084019,2005-10-01
negative,5,11,32,5,18,0.5,0.32727272727272727,-0.11111111111111124,0.524802977120955,0.16666666666666666,0.4025608419833704,0.13535353535353536,2.013260751685929,2.649288592033054,2005-11-01
negative,5,12,47,5,23,0.5,0.3484848484848485,-0.24999999999999983,0.5343819472564705,0.2333333333333333,0.4427144936967331,0.12575757575757576,1.936856762487587,2.402540754932547,2005-12-01
negative,5,10,27,5,16,0.5,0.35555555555555557,-0.4285714285714284,0.35765013334552176,0.2,0.4542193745113118,0.12777777777777777,3.132108827746616,2.290435311954393,2006-01-01
negative,5,11,38,5,20,0.5,0.36363636363636365,-0.4285714285714284,0.4563121504623453,0.2,0.43834858626010303,0.12525252525252525,2.351894962308223,2.358691242557805,2006-02-01
negative,5,12,34,5,24,0.5,0.36363636363636365,-0.24999999999999983,0.47678282366762376,0.2,0.4715534978450157,0.10303030303030303,2.232333805459067,2.237262664568875,2006-03-01
negative,5,12,36,5,22,0.5,0.3333333333333333,-0.24999999999999983,0.5438229636531354,0.2,0.4002038925937636,0.12878787878787876,1.940101711576705,2.5985368851368196,2006-04-01
negative,5,10,36,5,16,0.5,0.35555555555555557,-0.11111111111111124,0.39758597863573186,0.16666666666666666,0.419306497855232,0.16111111111111112,2.7378963603094713,2.5006426952239043,2006-05-01
negative,5,11,46,5,20,0.5,0.36363636363636365,-0.24999999999999983,0.5820464785142772,0.16666666666666666,0.4553595310286953,0.11919191919191921,1.7999772941913936,2.3508256822482965,2006-06-01
negative,0,0,0,0,0,0.0,0.0,0.0,0.0,0.0,0.0,0.0,0.0,0.0,2006-07-01
negative,0,0,0,0,0,0.0,0.0,0.0,0.0,0.0,0.0,0.0,0.0,0.0,2006-08-01
negative,5,10,28,5,15,0.5,0.3333333333333333,-0.4285714285714284,0.5236092513443016,0.2,0.40588843867019087,0.12777777777777777,2.008419481939564,2.6272913751891274,2006-09-01
negative,4,11,24,3,15,0.5,0.2727272727272727,-0.1999999999999996,0.33575140825822986,0.3333333333333333,0.2830088242979201,0.18585858585858583,3.157720657077674,3.9112357043296226,2006-10-01
negative,5,12,30,5,20,0.5,0.30303030303030304,-0.24999999999999983,0.40490971069509696,0.2333333333333333,0.3411219364475952,0.15606060606060607,2.577133164887404,3.1891102799567577,2006-11-01
negative,5,12,42,5,24,0.5,0.36363636363636365,-0.24999999999999983,0.5187661818912066,0.2333333333333333,0.5096866155968304,0.09090909090909093,1.9962802043060068,2.0156333920680702,2006-12-01
negative,5,10,28,5,15,0.5,0.3333333333333333,-0.4285714285714284,0.3865467967223163,0.2333333333333333,0.425847598985588,0.13333333333333333,2.679025544684804,2.454733630735197,2007-01-01
negative,5,9,29,5,13,0.5,0.3611111111111111,-0.24999999999999983,0.5356698619192832,0.2,0.40421905562520677,0.15476190476190477,1.9584640182599375,2.567683103307911,2007-02-01
negative,5,11,26,4,18,0.4,0.32727272727272727,-0.14285714285714285,0.3676163455449639,0.26666666666666666,0.43992691930943445,0.11717171717171716,2.950267755579654,2.399680458146609,2007-03-01
negative,5,9,24,5,11,0.5,0.3055555555555556,-0.24999999999999983,0.4562757513469206,0.2,0.40936984658882863,0.1706349206349206,2.3107891652468417,2.623020908122463,2007-04-01
negative,5,12,37,5,23,0.5,0.3484848484848485,-0.24999999999999983,0.48764306463983376,0.2,0.46021512157975186,0.10909090909090909,2.1353512187955355,2.2755311935873554,2007-05-01
negative,3,8,12,1,7,0.3333333333333333,0.25,-1.0,0.2906835875138523,0.0,0.18839573819556277,0.17857142857142858,1.1467222356248392,4.735290859124387,2007-06-01
negative,0,0,0,0,0,0.0,0.0,0.0,0.0,0.0,0.0,0.0,0.0,0.0,2007-07-01
