year,market_days,usd_try_avg,usd_try_last,usd_try_return_year_pct,eur_try_avg,eur_try_last,eur_try_return_year_pct,bist100_avg,bist100_last,bist100_return_year_pct,gold_usd_avg,gold_usd_last,gold_usd_return_year_pct,brent_oil_usd_avg,brent_oil_usd_last,brent_oil_usd_return_year_pct,wti_oil_usd_avg,wti_oil_usd_last,wti_oil_usd_return_year_pct,market_days_annual_avg,usd_try_avg_annual_avg,usd_try_last_annual_avg,usd_try_return_month_pct_annual_avg,eur_try_avg_annual_avg,eur_try_last_annual_avg,eur_try_return_month_pct_annual_avg,bist100_avg_annual_avg,bist100_last_annual_avg,bist100_return_month_pct_annual_avg,gold_usd_avg_annual_avg,gold_usd_last_annual_avg,gold_usd_return_month_pct_annual_avg,brent_oil_usd_avg_annual_avg,brent_oil_usd_last_annual_avg,brent_oil_usd_return_month_pct_annual_avg,wti_oil_usd_avg_annual_avg,wti_oil_usd_last_annual_avg,wti_oil_usd_return_month_pct_annual_avg,short_term_interest_rate_percent_annual_avg,discount_rate_percent_annual_avg,immediate_interbank_rate_percent_annual_avg,cpi_all_items_index_fred_annual_avg,cpi_inflation_yoy_percent_fred_annual_avg,cpi_inflation_mom_percent_fred_annual_avg,harmonized_unemployment_rate_percent_annual_avg,industrial_production_index_annual_avg,exports_value_fred_annual_avg,imports_value_fred_annual_avg,agriculture_value_added_gdp_percent,bank_nonperforming_loans_percent,broad_money_gdp_percent,central_government_debt_gdp_percent,cpi_index_2010_100,current_account_balance_gdp_percent,domestic_credit_private_sector_gdp_percent,employment_to_population_percent,expense_gdp_percent,exports_gdp_percent,external_balance_goods_services_gdp_percent,external_debt_gni_percent,fdi_net_inflows_gdp_percent,final_consumption_expenditure_gdp_percent,gdp_current_usd,gdp_growth_annual_percent,gdp_per_capita_current_usd,gdp_per_capita_growth_percent,gini_index,government_consumption_gdp_percent,gross_capital_formation_gdp_percent,gross_savings_gdp_percent,imports_gdp_percent,industry_value_added_gdp_percent,inflation_cpi_annual_percent,labor_force_participation_percent,net_lending_borrowing_gdp_percent,official_exchange_rate_lcu_per_usd,population_growth_percent,population_total,revenue_excluding_grants_gdp_percent,services_value_added_gdp_percent,tax_revenue_gdp_percent,total_reserves_usd,trade_gdp_percent,unemployment_total_percent,usd_try_tcmb_mid_avg_annual_avg,usd_try_tcmb_mid_last_annual_avg,eur_try_tcmb_mid_avg_annual_avg,eur_try_tcmb_mid_last_annual_avg,usd_try_avg_harmonized_annual_avg,usd_try_last_harmonized_annual_avg,eur_try_avg_harmonized_annual_avg,eur_try_last_harmonized_annual_avg,policy_rate_percent_tcmb_annual_avg,gross_reserves_usd_million_tcmb_annual_avg,m2_money_supply_try_avg_annual_avg,m2_money_supply_try_last_annual_avg,cpi_index_1994_100_tuik_annual_avg,cpi_index_2025_100_tuik_annual_avg,cpi_mom_percent_tuik_annual_avg,cpi_yoy_percent_tuik_annual_avg,cpi_12m_avg_change_percent_tuik_annual_avg,cpi_vs_prev_dec_percent_tuik_annual_avg,inflation_mom_percent_harmonized_annual_avg,inflation_yoy_percent_harmonized_annual_avg,industrial_production_index_tuik_annual_avg,industrial_production_index_harmonized_annual_avg,market_days_year_end,usd_try_avg_year_end,usd_try_last_year_end,usd_try_return_month_pct_year_end,eur_try_avg_year_end,eur_try_last_year_end,eur_try_return_month_pct_year_end,bist100_avg_year_end,bist100_last_year_end,bist100_return_month_pct_year_end,gold_usd_avg_year_end,gold_usd_last_year_end,gold_usd_return_month_pct_year_end,brent_oil_usd_avg_year_end,brent_oil_usd_last_year_end,brent_oil_usd_return_month_pct_year_end,wti_oil_usd_avg_year_end,wti_oil_usd_last_year_end,wti_oil_usd_return_month_pct_year_end,short_term_interest_rate_percent_year_end,discount_rate_percent_year_end,immediate_interbank_rate_percent_year_end,cpi_all_items_index_fred_year_end,cpi_inflation_yoy_percent_fred_year_end,cpi_inflation_mom_percent_fred_year_end,harmonized_unemployment_rate_percent_year_end,industrial_production_index_year_end,exports_value_fred_year_end,imports_value_fred_year_end,usd_try_tcmb_mid_avg_year_end,usd_try_tcmb_mid_last_year_end,eur_try_tcmb_mid_avg_year_end,eur_try_tcmb_mid_last_year_end,usd_try_avg_harmonized_year_end,usd_try_last_harmonized_year_end,eur_try_avg_harmonized_year_end,eur_try_last_harmonized_year_end,policy_rate_percent_tcmb_year_end,gross_reserves_usd_million_tcmb_year_end,m2_money_supply_try_avg_year_end,m2_money_supply_try_last_year_end,cpi_index_1994_100_tuik_year_end,cpi_index_2025_100_tuik_year_end,cpi_mom_percent_tuik_year_end,cpi_yoy_percent_tuik_year_end,cpi_12m_avg_change_percent_tuik_year_end,cpi_vs_prev_dec_percent_tuik_year_end,inflation_mom_percent_harmonized_year_end,inflation_yoy_percent_harmonized_year_end,industrial_production_index_tuik_year_end,industrial_production_index_harmonized_year_end,months_with_data,labor_force_general_15_plus_thousand,unemployed_general_15_plus_thousand,unemployment_rate_general_15_plus_percent,labor_force_youth_15_24_thousand,unemployed_youth_15_24_thousand,unemployment_rate_youth_15_24_percent,labor_force_working_age_15_64_thousand,unemployed_working_age_15_64_thousand,unemployment_rate_working_age_15_64_percent,employment_rate_general_15_plus_percent
2002,260,1.510064832,1.6436995,13.810728760707612,,,,109.87010707552471,103.6989974975586,-26.33968007051256,310.47560095214845,347.6000061035156,24.632489677475466,,,,26.150440017700195,31.200000762939453,48.50071595929695,21.666666666666668,1.508670882227402,1.5174685,1.1442529862868984,,,,110.0795140876234,108.1422487894694,-2.410789004925752,310.41209127111046,312.68333435058594,1.707486738985465,,,,26.079502410318387,26.570000012715656,3.5298527681237313,49.3975,56.666666666666664,49.504999999999995,31.558178333333338,47.202065833333336,2.202233122971039,,43.459205,4553338833.333333,6470418083.333333,10.1712688801184,,38.5764610990871,,46.0963443572496,-0.259990521546323,,44.442,,25.2651261294128,2.42764213538544,55.901957136984,0.449376588359619,76.0463684806703,240778008473.845,6.43550883793114,3591.08628982587,5.15974085311868,41.4,12.9856384925038,21.525989356389,23.0727365940066,22.8374839940274,24.6318670867085,44.964120947985,49.577,,1.50722641666667,1.20587153637377,67048795.0,,53.5798335907302,,28348030216.9613,48.1026101234402,10.358,1.520343180329837,1.538554318181818,1.4506988158647458,1.4775748181818182,1.508670882227402,1.5174684999999999,1.4506988158647458,1.4775748181818182,48.09090909090909,24775.727272727272,,,6648.55,,2.2083333333333335,47.19166666666666,56.6,15.508333333333333,2.2083333333333335,47.19166666666666,32.475,32.475,22,1.5960977631578943,1.6436995,8.40063997087681,,,,117.98870010375975,103.6989974975586,-22.405382421964298,334.9380943661644,347.6000061035156,9.445843647188743,,,,29.39333352588472,31.200000762939453,14.537448697117728,39.28,55.0,44.0,35.45065,29.748790000000003,1.64402950543021,,45.58328,5429437000.0,8081378000.000002,1.5874333999999999,1.6384425,1.618424625,1.707585,1.5960977631578943,1.6436995,1.618424625,1.707585,44.0,28094.0,,,7468.6,,1.6,29.7,45.0,29.7,1.6,29.7,32.3,32.3,12,23818.0,2464.0,10.3,,,,,,,41.5
2003,259,1.4955755182926829,1.396638,-15.47890403945501,,,,122.70965036531774,186.25,75.73075679122003,363.7196010742187,415.7000122070313,20.10979626585121,,,,30.99439994812012,32.52000045776367,2.1036108893855765,21.583333333333332,1.4990332805428117,1.4910369166666666,-1.2865621565802705,,,,123.1217164145456,125.0781675974528,4.617824032555856,363.9192918979866,368.00833384195965,1.7219017705531658,,,,31.03905526956741,30.83749993642171,1.0214015351381331,33.7475,50.333333333333336,36.156666666666666,38.37551333333333,21.9363925,1.005000612650904,,47.3252425,5880678416.666667,8600821000.0,9.77425990072158,,33.8441860628853,,56.05427877429,-2.39510781690365,,43.236,,23.1946607252779,0.0211661117711708,48.0065470233487,0.539644361182156,77.1220527625819,315392899922.379,5.79909321038525,4649.63668068586,4.57792705344551,42.2,12.7773523588905,22.8567811256469,21.4394238050065,23.1734946135067,24.8432929751477,21.6024384490573,48.331,,1.50088520858333,1.16094416683032,67831730.0,,53.1447158950484,,35548509276.1176,46.3681553387846,10.542,1.5003197992225588,1.4989029583333335,1.6917770760271582,1.69763525,1.4990332805428117,1.4910369166666666,1.6917770760271582,1.69763525,35.5,31222.416666666668,,,,,,,,,1.005000612650904,21.9363925,,47.3252425,23,1.429860239130435,1.396638,-3.725221086125874,,,,173.26578355872113,186.25,16.35098035496254,408.8000023251488,415.7000122070313,3.2282094874426237,,,,32.142381123134065,32.52000045776367,8.58096704292699,23.5,43.0,26.0,39.95625,12.70951,0.4243827160493779,,49.35941,6202502000.0,10054720000.0,1.432562695652174,1.399201,1.7571236739130436,1.7492805,1.429860239130435,1.396638,1.7571236739130436,1.7492805,26.0,35169.0,,,,,,,,,0.4243827160493779,12.70951,,49.35941,12,23818.0,2493.0,10.5,,,,,,,41.1
2004,261,1.4257428639999998,1.3395,-3.8152563580125975,,,,199.11920932019092,249.7169952392578,30.41617986080878,409.5204809717385,437.5,3.086712132873126,,,,41.46907621023645,43.45000076293945,28.62641306419804,21.75,1.4252582862343204,1.4245372916666668,0.0134719407767279,,,,199.04480751424035,201.10108439127603,2.5903882196620542,409.57758973804135,411.40833282470703,0.2525110729981776,,,,41.40349854958278,41.59833304087321,1.499427354257915,21.948333333333338,40.083333333333336,21.8425,41.6751425,8.60280125,0.7496024080123803,,51.573387499999995,7433482583.333333,11544984916.666666,9.30334217653319,,33.0972625961229,,60.8739723467862,-3.46160310805252,,41.287,,23.8544386839448,-1.2845801756369,41.0343944750811,0.679008638958041,76.1168067890229,410156784495.948,9.92540551918624,5979.6054216148,8.70602046453412,41.3,12.5334888843241,25.167773403717,22.7880020234274,25.1390188595817,25.1592284848331,8.59826168115262,46.306,,1.42553725,1.11548254617054,68592617.0,,53.0924442854082,,37304121308.7358,48.9934575435266,10.838,1.42526680943752,1.4263179583333334,1.7713837713676774,1.7755085416666667,1.4252582862343204,1.4245372916666668,1.7713837713676774,1.7755085416666667,21.666666666666668,35578.083333333336,,,,,,,,,0.7496024080123803,8.60280125,,51.573387499999995,23,1.3927906739130436,1.3395,-5.874466261846045,,,,237.19500005812873,249.7169952392578,10.68574498372088,442.7142828078497,437.5,-3.6343612334801767,,,,43.256190163748606,43.45000076293945,-4.484503935494466,19.87,38.0,18.69,43.694,9.354590000000002,0.317180616740093,,51.38233,8288893000.0,12652870000.0,1.3967016304347828,1.34535,1.8704227391304347,1.8312,1.3927906739130436,1.3395,1.8704227391304347,1.8312,18.0,37612.0,,,,,,,,,0.317180616740093,9.354590000000002,,51.38233,12,22016.0,2385.0,10.8,,,,,,,41.1
2005,291,1.3436166662578437,1.350000023841858,0.4464316995954176,1.6710849411239037,1.593500018119812,-11.912658668946907,293.8216810451718,397.7770080566406,56.32693574616003,445.27177441504693,517.0999755859375,20.6204713929925,,,,56.70450196893092,61.040000915527344,44.919284101216284,24.25,1.3437213728167092,1.338916669289271,0.2368276887206274,1.6711321589820294,1.658050000667572,-0.6493741527282114,293.6181559654955,300.6305847167969,2.7112982686735,445.0518858407847,448.64166259765625,1.8863477166088172,,,,56.55603278801792,57.284166971842446,2.140246275471694,14.83888888888889,28.916666666666668,14.840000000000002,45.08381833333333,8.19005025,0.6235091049742997,9.508333333333333,59.10317,8175164250.0,12923598333.333334,9.1349746278064,4.31589850311115,38.5264224535963,,65.8529521674141,-4.12736838327371,,41.493,,22.118798245903,-2.07123439281512,35.5841267097801,1.97338571270823,74.5037635212536,508314210212.544,9.11157745861635,7331.85429430255,7.95177362643042,42.6,12.4350798254823,27.5674708715615,24.7258467551369,24.1900326387181,25.2941440738888,8.17916036802008,46.431,,1.34358310833333,1.06864181704433,69329557.0,,53.0676190740982,,52493941950.0754,46.3088308846211,10.636,1.344278982923382,1.3473916666666668,1.6744600383080561,1.6714166666666668,1.3437213728167092,1.338916669289271,1.6711321589820294,1.658050000667572,14.729166666666666,42834.666666666664,,,,,0.6224999999999999,,,,0.6224999999999999,8.19005025,,59.10317,22,1.3501318151300603,1.350000023841858,-0.625688623406051,1.598772731694308,1.593500018119812,0.0,384.89545371315694,397.7770080566406,3.866635195688506,509.55238124302457,517.0999755859375,2.905467778296011,,,,59.4471428280785,61.040000915527344,4.395415839181194,14.0,23.0,13.57,47.06718,7.720007000000002,0.4175536269854289,9.7,61.09238,8901107000.0,14062580000.0,1.3489568181818183,1.34625,1.599959090909091,1.5942500000000002,1.3501318151300603,1.350000023841858,1.598772731694308,1.593500018119812,13.5,52378.0,,,,,0.42,,,,0.42,7.720007000000002,,61.09238,12,22454.0,2388.0,10.6,,,,,,,41.5
2006,291,1.43162577014703,1.410099983215332,4.49055539076002,1.7837465391709255,1.82260000705719,14.809450987709983,397.78714001464846,391.1749877929687,-1.6918588834996862,604.2164018554688,635.2000122070312,19.690973732111683,,,,66.25455993652344,61.04999923706055,-3.3101048032802782,24.25,1.4315783391381247,1.4303416510423024,0.7402933024578182,1.7833928227341416,1.7903250058492024,1.4375916095254937,398.6066900420153,400.1085789998372,-0.3498662907348273,604.0956711710074,613.9083302815756,1.1512978695311862,,,,66.23255205208237,66.965833346049,0.0526999405219682,17.468,23.333333333333332,15.589999999999998,49.41062083333333,9.58703775,0.772912301143832,9.058333333333334,63.55360833333333,10216775666.666666,16664149166.666666,8.06197674009426,3.58098683705457,40.2104267814276,,72.1730194319881,-5.5679426761279,,41.54,,22.6756853295786,-3.59430600497415,39.4750573117788,3.60660172381881,73.4365910877905,559668118237.002,7.06762607623939,7990.08251407245,5.97350417809075,39.6,13.2076961574803,30.1577149171837,25.8179668236582,26.2699913345528,26.0949736856779,9.59724212288446,46.272,,1.42845341333845,1.02715519431982,70045349.0,,53.4630321736613,,63264841173.6432,48.9456766641314,10.227,1.432884143083059,1.4379416666666665,1.80116179826694,1.8125708333333332,1.4315783391381247,1.4303416510423024,1.7833928227341416,1.7903250058492024,15.770833333333334,60111.083333333336,,,,,,,,,0.772912301143832,9.58703775,,63.55360833333333,21,1.4229000012079875,1.410099983215332,-2.3476469786967047,1.8564285721097673,1.82260000705719,-3.037715595558766,390.1090916224889,391.1749877929687,2.411213473323315,628.0449981689453,635.2000122070312,-1.4735535629165295,,,,62.086499786376955,61.04999923706055,-3.752169409844741,18.78,27.0,17.5,51.6108,9.653485,0.2310329408257499,8.9,66.08227,11475140000.0,17537250000.0,1.4298357142857143,1.4165,1.8888309523809523,1.8631,1.4229000012079875,1.410099983215332,1.8564285721097673,1.82260000705719,17.5,63186.0,,,,,,,,,0.2310329408257499,9.653485,,66.08227,12,22751.0,2328.0,10.2,,,,,,,41.5
2007,291,1.3005360448083212,1.1627999544143677,-17.414775517392023,1.761265117068623,1.682800054550171,-7.670358387232923,482.70031849478903,555.3809814453125,44.498011266235935,697.0051567440942,834.9000244140625,31.43891819415503,82.54611121283637,93.8499984741211,23.910748773620625,72.36452370598202,95.9800033569336,57.21540467877468,24.25,1.2990864366663168,1.2863583167394002,-1.4999686077616232,1.7604182938640267,1.75129168232282,-0.4966846910146918,482.6489414327111,491.5580825805664,3.84747104788588,697.3518772210308,705.4833374023438,2.003215736689562,81.78347810236932,83.60833358764648,4.152581807555798,72.33873657619132,74.94416745503743,4.387679269393629,16.706666666666667,26.833333333333332,17.2375,53.73710416666666,8.78351975,0.6763370155571846,9.175,68.94807916666666,11576685833.333334,18239162500.0,7.41825141005247,3.3213977793724,41.4884884910048,,78.4926195814649,-5.39177822047968,,41.475,,22.1875803331528,-3.65230751340748,39.8040022720477,3.21746696332257,74.1029661860367,685228481017.03,5.10818513903604,9766.91734545294,4.93924794926627,38.4,13.7336819624854,29.5493413273707,25.2830780835417,25.8398878465602,26.4310925169888,8.75618090972632,46.23,,1.30293090533794,0.160856263475951,70158112.0,,54.9271377639359,,76496127491.481,48.027468179713,10.285,1.3043976880504127,1.2979291666666668,1.7821841285113311,1.7832375,1.2990864366663168,1.2863583167394002,1.7604182938640267,1.75129168232282,17.166666666666668,71619.16666666667,,,,,,,,,0.6763370155571846,8.78351975,,68.94807916666666,21,1.175639992952347,1.1627999544143677,-0.8949180246920596,1.707434993982315,1.682800054550171,-3.008643188735105,552.9721583316201,555.3809814453125,2.2424464220443863,807.9599975585937,834.9000244140625,5.911459766929794,91.3939998626709,93.8499984741211,4.510017020855783,91.7424991607666,95.9800033569336,7.468375300272334,16.14,25.0,15.96,55.939519999999995,8.38724,0.2200068752148829,9.3,71.20702,11798440000.0,19133920000.0,1.1757947368421053,1.1675,1.713428947368421,1.7143,1.175639992952347,1.1627999544143677,1.707434993982315,1.682800054550171,15.75,76415.0,,,,,,,,,0.2200068752148829,8.38724,,71.20702,12,23114.0,2377.0,10.3,,,,,,,41.5
2008,292,1.2997308877444176,1.4931999444961548,27.46051948998163,1.9003333338471349,2.1233999729156494,23.900106813974787,378.0132082752973,268.6409912109375,-50.895840696590945,870.9826088403996,883.5999755859375,3.103847792991532,98.94523989868163,45.59000015258789,-53.40351404435592,99.75154137894098,44.599998474121094,-55.22987628541165,24.333333333333332,1.3003247043955424,1.2998916506767273,1.8722223906096327,1.9003658971477837,1.9020666579405467,1.6979704483928566,375.8189073264195,369.60475158691406,-4.101368920783044,870.9530665006592,876.7749989827474,1.5616037150687805,98.33399876254634,97.68166732788086,-2.949088030607888,99.64822898699494,98.58333269755046,-3.55119749065636,16.015,25.0,15.995,59.34947666666667,10.433652083333332,0.8059304045796266,10.016666666666667,68.25129249999999,14100797500.0,21526957500.0,7.38022403324347,3.44167340058132,45.8136833548705,41.0318813015611,86.6904895366218,-5.0844969449165,33.1628558443028,41.745,30.1458278135473,23.9213779600098,-2.91849408664854,38.5984279883647,2.56004537243285,73.1922933490997,775415944332.866,0.920118221365883,10913.4079047769,-0.349081731358567,39.0,13.9839462008484,29.7262007474574,26.1091140699053,26.8398720466583,26.2111946844741,10.4441283764885,46.886,-1.82099814733587,1.30152170281795,1.26560336535681,71051678.0,30.873317828598,55.5939145088505,17.4414983022934,73674684815.6172,50.7612500066681,10.965,1.3010205509842623,1.2960416666666668,1.9032150490583344,1.9085999999999999,1.3003247043955424,1.2998916506767273,1.9003658971477837,1.9020666579405467,15.958333333333334,77795.58333333333,,,,,,,,,0.8059304045796266,10.433652083333333,,68.25129249999999,23,1.5363304355870122,1.4931999444961548,-6.587429964076874,2.0828608844591225,2.1233999729156494,5.421507411015902,257.1063119988692,268.6409912109375,10.407367625213148,822.6681823730469,883.5999755859375,14.071779426219088,42.98047601609003,45.59000015258789,-4.961436330103874,42.04227222095836,44.599998474121094,-9.496754101264116,16.65,25.0,15.63,61.56916,10.0638,-0.4096834264432028,12.0,60.68779,12437790000.0,17883680000.0,1.5425184210526317,1.5159500000000001,2.0915421052631578,2.14595,1.5363304355870122,1.4931999444961548,2.0828608844591225,2.1233999729156494,15.0,74254.0,,,,,,,,,-0.4096834264432028,10.0638,,60.68779,12,23805.0,2611.0,11.0,,,,,,,41.7
2009,291,1.5515276931799376,1.4982999563217163,-2.142255740864185,2.158781920029567,2.1482999324798584,1.9698049919878224,375.32405259874133,528.25,95.6075778644272,974.1492067367312,1095.199951171875,24.624484112975043,63.57444446922367,77.93000030517578,66.12662664392433,62.09408750988188,79.36000061035156,71.25593515113454,24.25,1.5512446425017032,1.5498499969641368,0.169326425399538,2.1585059567621236,2.1595166524251304,0.2101118951205645,375.1870507852205,384.8270835876465,5.254993656702363,973.4412717553108,984.7833201090494,1.8916972878700191,62.68310764932062,64.25916639963786,5.257469472640146,61.797740549105775,63.92333253224691,5.675313731144193,,19.666666666666668,9.236833333333331,63.059396666666665,6.27902225,0.5308615708608045,13.033333333333331,60.991234166666665,13093056666.666666,17972585000.0,8.01952664747498,4.96997625418198,51.3950065544163,48.4871401208098,92.1094917787743,-1.73697758122388,36.8190783164554,41.164,35.3173242047987,23.7578595278795,0.476580482539053,44.5736356122904,1.31290302296241,75.8285438425115,653894449921.288,-4.88269401706633,9076.92472236977,-6.18658127732729,39.0,16.2099712125889,23.6948756749495,23.357563501902,23.2812790453404,24.0534082630626,6.25097663090626,47.88,-5.0696117044268,1.54995977566564,1.3803027157145,72039206.0,31.4805609082016,57.2740017785727,18.0494564965647,74933099954.2986,47.0391385732199,14.026,1.5505203626820674,1.5527916666666668,2.1552182485074676,2.1613374999999997,1.5512446425017032,1.5498499969641368,2.1585059567621236,2.1595166524251304,8.8125,72197.91666666667,,,,,,,,,0.5308615708608045,6.27902225,,60.991234166666665,23,1.5065863620151172,1.4982999563217163,-0.1665816363206396,2.1968863660638984,2.1482999324798584,-5.177437999961065,503.4773042098336,528.25,14.627637400787563,1128.9772838245738,1095.199951171875,-8.664834169752355,75.20909049294211,77.93000030517578,-1.7895377394473777,74.6031827059659,79.36000061035156,1.2632357140152095,,15.0,6.5,65.58704,6.525804,0.529380624669145,12.0,63.65475,13958190000.0,19659670000.0,1.5031282608695653,1.50935,2.1995826086956525,2.1654999999999998,1.5065863620151172,1.4982999563217163,2.1968863660638984,2.1482999324798584,6.5,74829.0,,,,,,,,,0.529380624669145,6.525804,,63.65475,12,24748.0,3471.0,14.0,,,,,,,41.2
2010,291,1.5056257665157318,1.552299976348877,5.376419267122201,1.994989622097749,2.065700054168701,-2.7997354644265338,593.7400163574218,660.0449829101562,23.677578493491303,1227.501984126984,1421.0999755859375,27.145033342441916,80.36471969604492,94.75,18.260105781189708,79.60988096206907,91.37999725341795,12.10893738009162,24.25,1.5046195018118704,1.5136583248774211,0.8701116929733264,1.9956747261922665,2.0016333560148873,0.234119694438963,594.8414954750566,595.6730804443359,1.3086641687527247,1225.752816946039,1237.7833353678386,1.9451646130364315,80.23469478433752,80.59749921162923,0.7512277087609883,79.53029161328115,79.98499997456868,0.483998961530261,,14.916666666666666,5.8133333333333335,68.46134666666667,8.582609083333333,0.5219938848510967,11.116666666666667,69.04922583333332,14228755833.333334,23153714166.666668,8.90737962747164,3.48959158482402,52.5066224847327,45.1797411840038,100.0,-5.70254261669491,44.0459707563417,43.007,32.6419229851543,21.5899457839207,-3.76344510314783,41.0990751678409,1.16274364749147,75.3113673290991,782545664268.333,8.54219848467686,10698.9699409757,6.90544093016851,38.8,14.6884914691775,28.4520777825517,24.0439420609212,25.3533908870685,24.5086143505767,8.56644420552976,48.804,-2.73706177865043,1.5028486296723,1.51943093763293,73142150.0,31.3740275795167,54.658291110913,18.814982327029,85959461665.9826,46.9433366709891,11.879,1.5020440363652048,1.5107291666666667,1.9937538602379907,1.9937666666666667,1.5046195018118704,1.5136583248774211,1.9956747261922665,2.0016333560148873,6.791666666666667,78899.58333333333,,,,,,,,,0.5219938848510967,8.582609083333333,,69.04922583333332,23,1.5199826022853022,1.552299976348877,3.3144703648494422,2.007213048312975,2.065700054168701,5.770614830014442,660.3713431980299,660.0449829101562,-0.2293101450387857,1393.954551003196,1421.0999755859375,2.4363818617582966,92.18590823086824,94.75,6.616402691226564,89.23318169333719,91.37999725341795,5.337172626418418,,14.0,1.63,69.78529,6.40103,-0.3015350877193009,10.1,75.118,16452100000.0,27173760000.0,1.516795652173913,1.54975,2.0041086956521736,2.05405,1.5199826022853022,1.552299976348877,2.007213048312975,2.065700054168701,6.5,85968.0,,,,,,,,,-0.3015350877193009,6.40103,,75.118,12,25641.0,3046.0,11.9,,,,,,,43.0
2011,291,1.6785814670061974,1.91540002822876,24.24753775128408,2.334237455861449,2.480600118637085,20.38826649609604,607.822264177526,512.666015625,-24.17069141684146,1572.135716029576,1565.800048828125,10.06608151973336,110.98933318456014,107.37999725341795,13.222270560672024,95.1144047086201,98.83000183105467,7.951937232794104,24.25,1.6774542842275562,1.6866250137488048,2.0065240328370257,2.3323423835961843,2.3535833756128945,1.749149380281904,607.5114959494572,601.9525756835938,-1.9700528408474811,1569.270905282831,1574.0750223795574,1.0375910597154858,110.97559007429813,112.2816670735677,1.310495734396259,95.12040006840463,97.0016663869222,1.4024539706102293,,14.25,3.015,72.8920825,6.4519338333333325,0.8383292772730702,9.116666666666667,79.59091916666667,18800545833.333332,33350062500.0,8.1265846445357,2.57632211204451,50.3109063460313,39.9693425323809,106.471879671151,-8.81351105932507,48.7422084050823,44.983,30.1444408136135,23.4903574412774,-6.67086901506326,38.6013112607881,1.91686136260632,74.7125827820943,844192507380.795,10.9799625273598,11373.6355760885,9.36292358017863,40.0,14.0398285658332,31.958286232969,24.6322351342824,30.1612264563406,26.8475365830986,6.471879671151,49.864,-0.726181221783564,1.67495455197133,1.46777416449143,74223629.0,30.5733274427087,53.1764169502883,18.5508150286553,87937253858.338,53.651583897618,9.789,1.6750546404920403,1.688925,2.3288987442090074,2.357108333333333,1.6774542842275562,1.6866250137488048,2.3323423835961843,2.3535833756128945,6.041666666666667,93790.83333333333,,,,,,,,,0.8383292772730702,6.4519338333333325,,79.59091916666667,22,1.868004555051977,1.91540002822876,4.959175603988175,2.459945472803983,2.480600118637085,1.0633595077338631,526.7814983021129,512.666015625,-4.7206038608736955,1641.9666748046875,1565.800048828125,-9.76776322426003,107.72285643078033,107.37999725341795,-1.477200332056117,98.57571338471912,98.83000183105467,-1.3672606376377128,,17.0,5.0,77.07658,10.44817,0.575863795693552,8.5,82.26568,21468050000.0,34919150000.0,1.8633363636363638,1.9111,2.4581022727272726,2.46515,1.868004555051977,1.91540002822876,2.459945472803983,2.480600118637085,5.75,88340.0,,,,,,,,,0.575863795693552,10.44817,,82.26568,12,26725.0,2615.0,9.8,,,,,,,45.0
2012,292,1.799416748043221,1.7886799573898315,-4.852386950606169,2.3135586945033166,2.3647499084472656,-2.761220251353713,636.4921373208992,782.083984375,52.331280123932,1668.837600097656,1674.800048828125,4.694636491126647,111.71567930998626,111.11000061035156,-0.9096554606713992,94.21352001953124,91.81999969482422,-10.8197353231411,24.333333333333332,1.7992819275336558,1.7961724996566772,-0.1347618215352231,2.313815867700409,2.315477470556895,-0.1099025946821384,637.3101960098245,649.8239898681641,3.356743474564024,1670.3263090527687,1676.3250122070312,-0.0160926313004971,111.70082969704649,111.5483341217041,0.0224317732215114,94.23582023159943,94.05166689554852,-0.6640660199239135,,16.208333333333332,5.0,79.3733325,8.935599833333333,0.5023717724674343,8.408333333333333,82.8276025,22741754166.666668,35136051666.666664,7.658344974583,2.7433675978872,49.4029495346267,37.6997174684634,115.938901345291,-4.72096418758118,51.5586765950105,45.357,29.4208604116485,24.9658181147838,-3.39612506729306,40.4357594121779,1.55241965245755,73.9745868556909,885327622479.052,4.80762696633448,11776.7593362033,3.48010432023058,40.2,14.4431255231411,29.421538205313,25.4451759921484,28.3619431820769,26.6835564000517,8.89156996512163,49.958,-0.127730797432328,1.79600094441355,1.27471801981307,75175827.0,30.621624698759,54.0902575185714,18.1051408438041,119182965975.41,53.3277612968607,9.21,1.7965894417388169,1.7915416666666666,2.3098491865079365,2.3101416666666665,1.7992819275336558,1.7961724996566772,2.313815867700409,2.315477470556895,5.729166666666667,101989.5,,,,,,,,,0.5023717724674343,8.935599833333333,,82.8276025,21,1.7859804743812198,1.7886799573898315,0.1736084800305182,2.341939029239473,2.3647499084472656,1.8757459536188792,769.1981898716518,782.083984375,5.261850442433391,1684.3800048828125,1674.800048828125,-2.6052528142510245,109.30277803209091,111.11000061035156,0.1712968306372131,88.24550018310546,91.81999969482422,3.064320876812632,,13.5,5.0,81.82741999999999,6.163804,0.3813200263628578,8.8,84.2886,21605100000.0,33122140000.0,1.7833833333333335,1.7869,2.3388714285714287,2.3573500000000003,1.7859804743812198,1.7886799573898315,2.341939029239473,2.3647499084472656,5.5,119167.0,,,,,,,,,0.3813200263628578,6.163804,,84.2886,12,24821.0,2518.0,9.2,,,,,,,45.4
2013,291,1.9030013056901784,2.1205599308013916,19.01222882028033,2.5295217640098486,2.9271600246429443,24.411771441611663,780.5125986328125,678.0170288085938,-14.86700986668109,1408.6591264028398,1201.9000244140625,-28.7931745346535,108.673580593533,110.8000030517578,-1.4848387577308109,98.04682525755868,98.41999816894533,5.691575672293259,24.25,1.9033908815197755,1.92269500096639,1.4600589015160104,2.5299849169316304,2.5636200110117593,1.9644688958718424,779.76814767721,773.1463368733724,-1.0752231348691297,1411.1840434219755,1394.3999938964844,-2.4361954204655514,108.76644136493972,108.44000053405762,-0.2810112310594174,97.96887858566896,97.60750007629396,0.4421923634943905,,11.229166666666666,3.8125,85.32084916666666,7.494407083333333,0.5983216455419292,9.05,88.55922833333334,25718553333.333332,41490096666.666664,6.64997261417217,2.63627102630174,51.9555839485783,31.7836465280795,124.626307922272,-5.12686124176872,59.9792914244143,45.902,28.9891426072392,24.403259811358,-4.26183338158831,42.3711460982425,1.40962960980578,72.896890187962,962167643588.925,8.48825689298511,12635.5570016068,7.10372830173409,40.2,14.2663052756586,31.3649431990856,26.3399370821622,28.6650931929463,27.7513691316392,7.49309030547693,50.84,0.279509002150069,1.90376824244752,1.28441474668,76147624.0,30.8565141953979,53.3643455931878,18.3984701714655,131053847400.859,53.0683530043043,9.713,1.9043034021957892,1.9286,2.5304126030339904,2.570091666666667,1.9033908815197755,1.92269500096639,2.5299849169316304,2.5636200110117593,4.791666666666667,128752.83333333333,,,,,,,,,0.5983216455419292,7.494407083333333,,88.55922833333334,22,2.0606190724806352,2.1205599308013916,5.033853306197478,2.8222509189085527,2.9271600246429443,6.715374998000834,708.7450533780185,678.0170288085938,-9.538872337592696,1225.0095156715029,1201.9000244140625,-1.6689866316884294,110.85400009155272,110.8000030517578,-0.5832157149239126,97.89428601946148,98.41999816894533,4.903004145261014,,10.25,3.5,87.88303,7.400460000000002,0.460607124056825,9.1,91.03169,27857590000.0,46773840000.0,2.0596863636363634,2.1362,2.8205500000000003,2.93915,2.0606190724806352,2.1205599308013916,2.8222509189085527,2.9271600246429443,4.5,131035.0,,,,,,,,,0.460607124056825,7.400460000000002,,91.03169,12,25524.0,2747.0,9.7,,,,,,,45.9
2014,291,2.186086129411427,2.32273006439209,8.152169146694277,2.903206283562028,2.825269937515259,-4.317332366766791,752.2896110869024,857.2109985351562,27.969067384616597,1265.8174569266182,1183.9000244140625,-3.3551000478316273,99.28431988525392,57.33000183105469,-46.808310929330766,92.90678557138594,53.27000045776367,-44.18482911243859,24.25,2.1859177173851827,2.186061680316925,0.4681148397854032,2.90296191866417,2.8860491514205933,-0.5415920468875438,751.9047239730436,763.0626678466797,2.518602185552091,1265.8081748832635,1251.3083394368489,-0.6965555899857367,99.47251669753166,97.52416737874348,-4.522450566070476,92.99651138671992,91.22749996185304,-4.099021884765249,,10.145833333333334,7.75,92.87564583333334,8.851987,0.6591841349427375,9.891666666666667,93.7626425,30307919166.666668,45776621666.666664,6.53828042868413,2.74183131997442,51.3065670777795,31.1206735016751,135.661434977578,-3.40746259930754,63.2376327204216,45.511,29.2713082967685,25.8173246854016,-2.67212467047683,44.4602073781668,1.41530142282668,72.4605856039849,942343431928.654,4.60079447270559,12209.3862327674,3.19911298885714,41.2,14.5742586923768,30.2115390664919,26.8300125662284,28.4894493558784,28.1981753928692,8.85457271364316,50.512,0.269361188352854,2.18854241775473,1.3490889002021,77181884.0,30.3276548015133,53.828575166833,17.9488969703643,127421921235.759,54.30677404128,9.901,2.188759119377,2.1953625,2.90858953690633,2.8997541666666664,2.1859177173851827,2.186061680316925,2.90296191866417,2.8860491514205933,8.979166666666666,130293.41666666667,,,,,,,,,0.6591841349427375,8.851987,,93.76264250000001,23,2.2903721747191055,2.32273006439209,4.655769065913495,2.822284325309422,2.825269937515259,2.3722726738681255,841.7695206351902,857.2109985351562,-0.4947367839338801,1200.168174050071,1183.9000244140625,-2.7996695883364175,63.20363651622426,57.33000183105469,-20.967740408750014,59.28954488580877,53.27000045776367,-22.797100785849757,,9.0,7.5,95.06303,8.169949,-0.4420866489832049,10.3,94.80782,30532120000.0,47283270000.0,2.289723913043478,2.32095,2.824241304347826,2.82325,2.2903721747191055,2.32273006439209,2.822284325309422,2.825269937515259,8.25,127308.0,,,,,,,,,-0.4420866489832049,8.169949,,94.80782,12,28786.0,2853.0,9.9,,,,,,,45.5
2015,291,2.7229691191194614,2.9200899600982666,25.263382791308373,3.021481841003301,3.1928000450134277,13.02466737179917,805.8267954950747,717.27001953125,-16.068422534418602,1158.8436502123636,1060.300048828125,-10.598646810444768,53.502261752174014,37.279998779296875,-33.92414039492733,48.76134922390892,37.040000915527344,-29.70202717608068,24.25,2.721788599454434,2.7531141440073648,1.9230839917043347,3.020967167705266,3.037473360697428,1.1584414485271255,806.6090151575554,799.0095011393229,-1.387738503356725,1159.9091178993126,1152.2583414713542,-0.8364959646254527,53.5525970986703,54.39916674296061,-1.268435249626166,48.79643028686899,49.30750020345052,-1.5371434613123032,,9.0,7.270833333333333,99.99999833333334,7.666804916666666,0.7077121981492004,10.316666666666666,99.14586916666669,34010475000.0,48122321666.666664,6.87689834308907,2.98772329214314,52.3721303504702,29.145145266046,146.067825112108,-2.46735825450658,66.3898521051604,46.014,28.8436742291669,25.280784580735,-1.31335609821325,46.7405303729401,2.225752648523,71.2504569474223,865460050683.656,5.80557386628684,11064.6494504662,4.4033792666971,42.9,13.5014007063213,30.062899150791,27.7921333695116,26.5941406789482,27.9632974104138,7.67085364845885,51.3,0.376091561208709,2.72000852790578,1.33411577030414,78218479.0,30.4983562189661,53.3668283175625,18.1419244166015,110489628113.015,51.8749252596832,10.304,2.721100776541981,2.7481375000000003,3.020785909681153,3.0353208333333335,2.7217885994544346,2.7531141440073648,3.020967167705266,3.0374733606974282,7.520833333333333,120832.0,,,,,,,,,0.7077121981492004,7.666804916666666,,99.14586916666667,23,2.9182738946831743,2.9200899600982666,0.3312195182690436,3.176840875459754,3.1928000450134277,3.753964500635631,734.5194755222486,717.27001953125,-6.587827418482006,1069.9454567649148,1060.300048828125,-0.3290091971565156,38.90954520485618,37.279998779296875,-16.11161131564226,37.32727258855646,37.040000915527344,-11.493423498134948,,9.0,7.25,103.4365,8.808332,0.208193917763403,10.4,102.4949,33590420000.0,50020190000.0,2.9198565217391304,2.9101999999999997,3.1725434782608697,3.18045,2.9182738946831743,2.9200899600982666,3.176840875459754,3.1928000450134277,7.5,110533.0,,,,,,,,,0.208193917763403,8.808332,,102.4949,12,29678.0,3057.0,10.3,,,,,,,46.0
2016,292,3.021469155490627,3.5176000595092773,20.800851917165694,3.3415318814273993,3.714970111846924,17.271022657912006,772.099577763166,781.3870239257812,10.8061159443245,1249.7060024414063,1150.0,6.966796215695337,45.16007995605469,56.130001068115234,50.80601619350209,43.435800033569336,53.720001220703125,46.13711554288924,24.333333333333332,3.02105509701405,3.0323167045911155,1.700097399438096,3.341060628362182,3.346050838629405,1.3970808307074265,771.765600838336,775.8695831298828,1.2329858674695688,1247.868251950371,1247.366678873698,0.505559118034954,45.03423532198241,45.93916702270508,3.838623940180496,43.3224473587613,44.46833324432373,4.845156791508007,,8.979166666666666,7.25,107.775125,7.784574,0.6869056014496109,10.883333333333333,102.61857916666666,37651937500.0,50987451666.666664,6.26556196399699,3.10968373133547,55.1507347989139,30.075201418508,157.424794469357,-2.54530792537505,69.2826364676667,46.333,30.6055405050211,23.6322024334399,-1.60577894110722,46.3614777541171,1.58873607703875,71.7769489235856,870818016909.84,3.32366508200445,10984.3643169061,1.9428315705164,41.9,14.6023400852653,29.8288300175216,27.3477821809118,25.2379813745471,28.3385128402288,7.7751341532833,52.0,-0.974999415026735,3.02013474808043,1.34542593504869,79277962.0,30.9443928097308,53.6443880043807,18.3280078863935,104810530764.478,48.870183807987,10.899,3.021260530472949,3.0381208333333336,3.3406819675141683,3.3437750000000004,3.0210550970140506,3.0323167045911155,3.341060628362182,3.3460508386294046,7.583333333333333,115998.5,,,,,,,,,0.6869056014496109,7.784574,,102.61857916666666,22,3.497185923836448,3.5176000595092773,2.39690738642575,3.686454079367898,3.714970111846924,2.0399925266219476,764.6489091352983,781.3870239257812,7.747949360611228,1151.395252046131,1150.0,-1.4482838341312476,54.717618851434615,56.130001068115234,11.236627202768478,52.16571499052502,53.720001220703125,5.209556944515725,,8.75,7.25,112.2628,8.533056,1.6434453285153503,12.1,104.1133,44940710000.0,61735690000.0,3.492075,3.535,3.6845954545454545,3.6972500000000004,3.497185923836448,3.5176000595092773,3.686454079367898,3.714970111846924,8.0,106111.0,,,,,,,,,1.6434453285153503,8.533056,,104.1133,12,30535.0,333.0,10.9,,,,,,,46.3
2017,291,3.644558917644412,3.776859998703003,6.84489100387855,4.115611005199048,4.510359764099121,21.27557113144685,989.1557856968471,1153.3299560546875,48.32967627648528,1257.6972126143862,1306.300048828125,12.573252442642268,54.72601599522321,66.5999984741211,20.06489455288476,50.85326709215384,60.41999816894531,15.459575873910447,24.25,3.6449826836144736,3.6399616599082942,0.691060786922241,4.117277765123718,4.142187436421712,1.7482156053486575,989.8348272194402,1004.3902435302734,3.25490563812273,1257.4826559018938,1266.508321126302,1.1978144469711378,54.819955324789454,55.68250020345052,1.583903093810643,50.95096432667267,51.86499977111816,1.3465373196296937,,8.75,7.25,119.785925,11.133397666666667,0.9456163602310408,10.933333333333332,111.59810833333334,49877394166.666664,72307960000.0,6.19642323537778,2.84271365893527,53.5497317634405,29.5734179673603,174.96870328849,-4.06783613710293,70.0844027288208,47.063,31.5527664341113,26.5394989930636,-3.05666052974179,52.6882928024745,1.29532700760314,70.2619683324967,863874522365.276,7.82585730002594,10756.3877677883,6.43664614092381,43.5,14.1092729854912,32.7946921972451,28.7891671366617,29.5961595228053,29.0347245862534,11.1443110840764,52.832,-2.60245067681052,3.64813263536867,1.29675571220462,80312698.0,29.501534894828,53.5617425067038,17.7025349976444,107657025384.516,56.1356585158689,10.919,3.6477488019166824,3.650116666666667,4.11762700447801,4.1498875,3.6449826836144728,3.6399616599082947,4.117277765123718,4.142187436421712,8.0,109059.41666666667,,,,9.8075,,,,,0.9456163602310409,11.133397666666667,,111.59810833333334,21,3.8406595389048257,3.776859998703003,-3.5639512161268816,4.543718973795573,4.510359764099121,-3.1955792329565913,1093.6417358398437,1153.3299560546875,11.369363755964043,1265.5700073242188,1306.300048828125,2.1504534680930387,64.06650028228759,66.5999984741211,4.898404021792735,57.94699993133545,60.41999816894531,3.5298107214693175,,8.75,7.25,125.6442,11.91974,0.685774032843343,9.9,119.0829,55992940000.0,87272870000.0,3.8511642857142854,3.81385,4.556623809523809,4.5519,3.8406595389048257,3.776859998703003,4.543718973795573,4.510359764099121,8.0,107730.0,,,,10.29,,,,,0.685774032843343,11.91974,,119.0829,12,31643.0,3454.0,10.9,,,,,,,47.1
2018,292,4.838489723388262,5.274280071258545,38.983376478077105,5.6885738226645755,6.034749984741211,33.40208743611881,1020.6888151855468,912.7050170898438,-22.33896839310223,1267.5996005859374,1278.300048828125,-2.6946718169679307,71.7671713810043,53.79999923706055,-19.182815857450773,64.94745023507046,45.40999984741211,-24.780519047800485,24.333333333333332,4.842221435851962,4.861021677652995,3.091049446052455,5.692782907169522,5.7050541639328,2.8755849090419585,1019.3671689377088,1017.82058207194,-1.9325527193128187,1268.491009955938,1264.2666727701824,-0.2219850123956007,71.55534213068422,71.63916619618733,-1.4542182137062776,64.74885841980124,64.54416751861572,-1.498798762258595,,14.4375,14.583333333333334,139.34990833333333,16.220524166666667,1.5687050780298095,10.941666666666668,113.40751666666668,71722810833.33333,91303492500.0,6.00418639185492,3.68690904641214,52.4848065363097,29.3999927208091,203.545403587444,-1.85233343060557,66.6976668187438,47.382,33.1443390183968,31.7278536539697,0.630574922822866,55.4453574540502,1.57923380202967,68.0286241706627,788356985773.667,3.46815306092219,9684.11819884721,2.07704135618785,42.4,14.5122068809579,31.3408009091416,30.6657489976786,31.0972787311468,29.1851848904908,16.3324638988929,53.212,-2.20511093526739,4.82837014720942,1.35360298648434,81407204.0,30.207791762814,54.6144926867008,17.1432984711192,92997230040.5605,62.8251323851165,10.956,4.828878336862413,4.838979166666666,5.680742150242069,5.685491666666667,4.842221435851962,4.861021677652995,5.692782907169522,5.7050541639328,15.770833333333334,100195.83333333333,,,,,,,,,1.5687050780298095,16.220524166666667,,113.40751666666667,21,5.312047140938895,5.274280071258545,1.6197843221363195,6.038866633460636,6.034749984741211,2.5198714559434565,918.929849243164,912.7050170898438,-3.899991915490264,1253.047369706003,1278.300048828125,3.59834861297994,57.47000021683542,53.79999923706055,-12.78975452308152,48.777369248239616,45.40999984741211,-14.239850437933722,,18.5,22.5,151.1522,20.30176,-0.404571659755242,12.7,106.9454,78323220000.0,86655170000.0,5.310907142857142,5.265650000000001,6.044119047619048,6.0334,5.312047140938895,5.274280071258545,6.038866633460636,6.034749984741211,24.0,93027.0,,,,,,,,,-0.404571659755242,20.30176,,106.9454,12,32274.0,3537.0,11.0,,,,,,,47.4
2019,291,5.67826292514801,5.9472198486328125,12.850471919493955,6.356275976846044,6.660379886627197,10.144635997802132,993.3731175084268,1144.25,28.762726446158492,1392.7222207690045,1519.5,18.61826697892273,64.1606349188184,66.0,20.196685819350925,57.041825430733816,61.060001373291016,31.198968998987063,24.25,5.678403344330266,5.683517495791118,1.2500267472209032,6.354749153802278,6.3528216282526655,1.191338241100928,992.9112235340808,1007.0917358398438,2.270234738857773,1391.883408651967,1402.5999959309895,1.5186947622062714,64.17403287034075,64.59916655222575,3.680682647510354,57.03165613855993,57.09916687011719,2.8688863391414388,,17.8125,18.5,160.4988,15.461696416666667,0.9380837904691206,13.733333333333334,112.56460833333334,85531734166.66667,99597202500.0,6.6541535628227,5.02294929309671,57.648063536615,33.4600744570718,234.437126307922,1.9351600379275,64.2557519386267,45.681,34.8909170453359,33.0298811646869,3.48130339674987,55.3071524639806,1.22536076199392,69.0128662177622,775853144222.613,1.30162365464503,9395.23378001368,-0.136378469205951,43.8,15.2428471146395,27.5058303832163,29.5729485423088,29.548577767937,27.0679926930773,15.1768215720022,52.951,-3.92445523823865,5.67381930843574,1.42969688109789,82579440.0,29.2876680740266,56.5329774818317,16.5299780625183,105619672447.934,62.5784589326239,13.73,5.674581331999971,5.687858333333334,6.352605386179725,6.36015,5.678403344330266,5.683517495791118,6.354749153802278,6.3528216282526655,20.0,99580.91666666667,,,,,,,,,0.9380837904691206,15.461696416666667,,112.56460833333334,22,5.849623159928755,5.9472198486328125,3.473097768125699,6.4975150715221055,6.660379886627197,5.171420671858429,1105.5850481305804,1144.25,5.944858964667921,1480.8523763020833,1519.5,3.911642567318152,65.17380886986142,66.0,8.338808246459006,59.80476197742281,61.060001373291016,9.113656848206531,,12.75,10.5,169.0427,11.83609,0.743281875357338,13.4,116.3857,87457150000.0,111186000000.0,5.842888636363637,5.94555,6.486722727272727,6.656549999999999,5.849623159928755,5.9472198486328125,6.4975150715221055,6.660379886627197,12.0,105696.0,,,,,,,,,0.743281875357338,11.83609,,116.3857,12,3318.0,465.0,13.4,,,,,,,45.7
2020,292,7.013059774427924,7.373730182647705,23.974074194923432,8.027842982124737,9.060379981994627,35.84796690916643,1135.824832749082,1476.699951171875,27.376274039033575,1773.164029690588,1893.0999755859375,24.17841755237373,43.086758979224406,51.79999923706055,-21.8113219063237,39.3442687498251,48.52000045776367,-20.693036587548175,24.333333333333332,7.016618091636847,7.079289197921753,1.561805140708732,8.029738490127082,8.149903337160746,2.376505901054505,1133.5237852364178,1133.5607452392578,2.373119049953786,1771.6224069249558,1775.7166646321614,1.5144167804182729,43.16759435581511,41.629166762034096,-1.1801438493711154,39.40043840255137,38.59583377838135,2.000702127822508,,11.125,9.0,180.206375,12.260618333333332,1.1436589259185483,13.141666666666666,114.52011833333334,98868621666.66669,128752346666.66669,6.89122590909685,3.89009244045221,66.2557194643874,41.0396523893444,263.223561285501,-4.22284721473811,75.2676019236764,42.848,33.4510950281809,28.7400043468285,-2.90984442364009,60.3150906136416,1.02531493703228,68.7557883417475,733628247119.077,1.80306247087255,8798.11791709313,0.819957444576985,43.0,15.0319947560781,34.1540560799477,30.0988085819943,31.6498487704686,27.7974533640579,12.2789574462574,49.334,-4.46634618652819,7.00860541558522,0.970386031353162,83384680.0,29.5197315875713,54.5738221616136,17.4856241853484,93584577917.0715,60.389853117297,13.148,7.011824606371533,7.053558333333332,8.02130378666783,8.103633333333333,7.016618091636847,7.079289197921753,8.029738490127082,8.149903337160746,10.5,90035.91666666667,,,,,,,,,1.1436589259185483,12.260618333333333,,114.52011833333334,23,7.710697402124819,7.373730182647705,-5.738114075059575,9.375166105187455,9.060379981994627,-3.0140433422878976,1387.7136452414773,1476.699951171875,11.42382077761357,1859.2954434481535,1893.0999755859375,4.35477653178864,50.218181956898086,51.79999923706055,9.236611634843197,47.06818147139115,48.52000045776367,8.911338470687413,,15.75,15.5,193.7218,14.59932,1.24954871836013,12.6,127.3095,127724700000.0,162303800000.0,7.7280173913043475,7.347099999999999,9.392628260869566,9.016,7.710697402124819,7.373730182647705,9.375166105187455,9.060379981994627,17.0,93589.0,,,,,,,,,1.24954871836013,14.59932,,127.3095,12,,,13.2,,,25.3,,,13.4,42.8
2021,291,8.873806865735986,13.290499687194824,78.7847304607773,10.4565875283603,14.993060111999512,65.03638778845009,1517.1487914054624,1857.699951171875,24.227626109593725,1797.6690455845423,1827.5,-6.026634139690823,70.95380932944161,77.77999877929688,52.24114023682782,68.1060319930788,75.20999908447266,57.93784286314745,24.25,8.846827774066663,9.12037750085195,4.76221377704321,10.428871731096516,10.72591241200765,4.142790962284522,1509.844093305676,1497.6666666666667,0.7776024138839516,1799.028735422223,1791.4000142415364,-0.787945761176707,70.76868274170356,71.51083215077718,4.444400840427666,67.91561310754656,68.22249984741211,3.683957631812968,,15.75,16.083333333333332,215.52053333333333,19.425293333333332,2.6527106727131993,12.016666666666666,134.88423333333333,168157700000.0,203997650000.0,5.70488171636816,2.97599400811766,69.89419042803,41.6375124693568,314.806147234679,-0.74064931592423,70.9983608541485,45.212,30.2009775804558,35.0536332850518,0.498368961459877,53.7425891882514,1.50891969619413,65.1254865683778,839938668172.134,11.811094450607,9981.76398411336,10.797736075363,44.4,13.045605699142,34.3761444701623,33.7151431315987,34.5552643235919,30.8205598235418,19.5964926913324,51.359,-1.26647365629945,8.85040754928315,0.910444902564511,84147318.0,29.4977695405094,53.1953606066903,17.4752698156496,111184882382.134,69.6088976086437,11.969,8.839683459239977,9.104458333333334,10.425444008227908,10.707445833333333,8.846827774066663,9.12037750085195,10.428871731096516,10.72591241200765,17.583333333333332,105069.41666666667,,,,,,,,,2.6527106727131993,19.425293333333332,,134.88423333333333,23,13.366419999495797,13.290499687194824,-1.5635226503296409,15.099254400833791,14.993060111999512,-1.989105774261324,1966.3521728515625,1857.699951171875,0.0161476663007587,1791.0454434481535,1827.5,2.5763372835120757,74.74318140203303,77.77999877929688,12.937412047884722,71.69000070745295,75.20999908447266,14.701844493693628,,15.75,12.5,263.6184,36.0809,13.5754910389525,11.0,142.6837,278759500000.0,370019900000.0,13.540678260869566,12.9892,15.30335,14.69555,13.366419999495797,13.290499687194824,15.099254400833791,14.993060111999512,14.0,111181.0,,,,,,,,,13.5754910389525,36.0809,,142.6837,12,,,12.0,,,22.6,,,12.2,45.2
2022,291,16.56107799089872,18.70298957824707,40.0280748653556,17.349622671420757,19.937570571899418,31.258637250816633,3003.39603484623,5509.2001953125,185.93970700843397,1800.0681269064366,1819.699951171875,1.1281497433803134,98.96633461272098,85.91000366210938,8.77437327250683,94.33147400023928,80.26000213623047,5.4942168829832605,24.25,16.543896027740374,16.71338899930318,3.0431750244267164,17.333665187351453,17.490079323450725,2.6218185262281906,2979.425595114186,3081.2666829427085,7.888217991267459,1799.9470226603064,1794.9500020345051,-0.120118138945723,98.82681956221052,100.64416631062824,2.942884937627446,94.22608056358185,93.68916765848796,-0.0699316609878051,,14.333333333333334,11.125,371.3609166666667,71.98292833333333,4.255902713010365,10.483333333333333,140.8294,350774741666.6667,501912333333.3333,6.69360961922604,1.97901752159553,54.3584694901504,35.3300843740665,542.438807922272,-4.99763806227356,53.4262221477913,47.503,29.0624088388364,38.1412107474416,-3.61585073655095,50.758322367613,1.48839623728753,65.0137110196354,926097476913.818,5.44122511322401,10897.8397861365,4.40815937187469,44.5,11.817312986037,38.602139717568,33.9944927117295,41.7570614839925,30.890102398727,72.3088359891207,53.055,-2.95717737537508,16.5488604173067,0.984586244469359,84979913.0,27.2711691129616,52.1784720579494,17.1801094099965,128735003395.893,79.8982722314341,10.465,16.551104562080432,16.7291,17.37074754934176,17.5117375,16.543896027740374,16.71338899930318,17.333665187351453,17.490079323450725,12.625,109760.08333333333,,,,,,,,,4.255902713010365,71.98292833333333,,140.8294,22,18.641295086253773,18.70298957824707,0.3917896981669333,19.710295156999067,19.937570571899418,2.726081021200355,5226.66816850142,5509.2001953125,9.175220603219202,1797.1142868768602,1819.699951171875,1.032700896011418,81.3414284842355,85.91000366210938,-1.116475163413333,76.51809510730561,80.26000213623047,-1.1819737380500683,,9.75,7.5,433.0449,64.2696,1.18268385847249,10.4,142.5489,400387300000.0,567407600000.0,18.65375681818182,18.71345,19.722440909090906,19.899549999999998,18.641295086253773,18.70298957824707,19.710295156999067,19.937570571899418,9.0,128736.0,,,,,,,,,1.18268385847249,64.2696,,142.5489,12,,,10.4,,,19.4,,,10.7,47.5
2023,291,23.764739278646616,29.519800186157227,58.32785348403839,25.690811648735632,32.51750183105469,62.95496656268833,6389.649983067667,7470.2001953125,31.956688036751647,1942.769197265625,2062.39990234375,12.105232216265316,82.19043816798236,77.04000091552734,-6.163212731591861,77.59712014770508,71.6500015258789,-6.8633806815956095,24.25,23.776224283515692,24.244439125061035,4.261695542394256,25.700680846872995,26.245261828104656,4.543247037686473,6345.031105293824,6391.11669921875,2.542496776338768,1942.9584406325328,1953.749979654948,1.0078517475601614,82.23371080018893,82.52166684468587,0.1120969175816659,77.62363391257058,77.66249974568684,-0.3757509116174884,,20.208333333333332,15.666666666666666,571.3737166666666,53.43908666666667,4.2836308061464905,9.4,143.40301666666667,508165925000.0,708469758333.3334,6.38984597795627,1.4801275195303,52.2571521372537,33.2548360254558,834.593142750374,-3.63367003503212,48.7833981885989,48.308,33.0277530817277,31.9135926809724,-1.85602311192189,45.157151097837,0.933806495534912,67.2677466005176,1141242864657.45,5.04512369812289,13375.0947282864,4.61909774991381,43.7,13.2360600879054,34.5882765114043,31.7803964026465,33.7696157928943,28.1932800305474,53.8594087593315,53.313,-4.29865292389269,23.7385661219918,0.406389351118662,85325965.0,33.0413461477558,54.3519824455967,18.2219303847288,140868480001.696,65.6832084738667,9.388,23.714625424661786,24.162804166666664,25.64908274817272,26.176608333333334,23.776224283515692,24.244439125061035,25.700680846872995,26.245261828104656,20.666666666666668,119992.83333333333,11715723170.636875,11940899454.425,,,,,,,4.2836308061464905,53.43908666666667,,143.40301666666667,21,29.039457684471493,29.519800186157227,2.1927272297482148,31.67287036350795,32.51750183105469,3.442403754050005,7733.024926757813,7470.2001953125,-6.928467947960626,2031.6749938964845,2062.39990234375,-0.4152630447247674,77.32399978637696,77.04000091552734,-2.3326526394001568,72.12350006103516,71.6500015258789,-3.267177236284524,,43.25,23.5,713.5407,64.77292,2.9272073069471367,8.9,146.0553,641051600000.0,806186400000.0,29.048709523809528,29.42375,31.686364285714284,32.723150000000004,29.039457684471493,29.519800186157227,31.67287036350795,32.51750183105469,42.5,140884.0,13304321917.58,13615988704.0,,,,,,,2.9272073069471367,64.77292,,146.0553,12,,,9.4,,,17.4,,,9.6,48.3
2024,292,32.848790707479,35.30524826049805,21.666423685928837,35.5248040497758,36.73310089111328,14.057803539413792,9592.319255537775,9830.599609375,28.937736726079997,2390.006343296596,2629.199951171875,27.359042605403022,79.8213096194797,74.63999938964844,-1.6471208460314024,75.75801588997008,71.72000122070312,1.9039556970430027,24.333333333333332,32.85963086009706,33.09186633427938,1.7446110864473277,35.53433816640423,35.711951891581215,1.3869946174596184,9606.26311079124,9700.916748046877,2.1002415609219613,2386.5988436625216,2402.8666381835938,1.6477875318400466,79.79264091281264,80.06083488464355,1.6657448223846127,75.72339052994349,75.52916717529297,1.0061008590318268,,48.666666666666664,46.333333333333336,905.6641416666666,60.038648333333335,4.798389618283891,8.708333333333334,148.93233333333333,715009025000.0,942596858333.3334,5.82042467876951,,43.4651622053406,26.6192344930079,1322.88396860986,-0.766008235540632,42.9546658478032,49.43,,27.5682232095509,0.537640299510246,39.3880494718611,0.860701598247461,68.7312037455689,1359123768774.12,3.3276230893799,15892.7157287241,3.09479882124933,,14.4561600834409,30.7311559549208,30.1060618091059,27.0305829100406,25.5035682450148,58.5064507300342,54.2,-2.95931437041885,32.8058614432703,0.225580501096507,85518661.0,31.4818867249691,57.5212773580131,17.6239296509985,155548682878.169,54.5988061195916,8.8,32.80969233228645,33.04640416666667,35.50562648066802,35.6795625,32.85963086009706,33.09186633427938,35.53433816640423,35.711951891581215,48.958333333333336,143199.66666666666,15316745450.755503,15496054230.291245,,,,,,,4.798389618283891,60.038648333333335,,148.93233333333333,22,34.959894527088515,35.30524826049805,1.763616555817782,36.61642490733754,36.73310089111328,0.423339012546875,9924.714192708334,9830.599609375,1.5442460674118808,2643.580950055803,2629.199951171875,-0.2163251502193652,73.12857164655414,74.63999938964844,3.912010980039948,69.69761912027995,71.72000122070312,5.315716340225296,,48.25,46.0,1030.201,44.37877,3.1626709356375264,8.6,149.9663,763149600000.0,1044402000000.0,34.935263636363636,35.25505,36.60996136363636,36.775999999999996,34.959894527088515,35.30524826049805,36.61642490733754,36.73310089111328,47.5,155232.0,17119095238.65775,17454451644.931274,,,,,,,3.1626709356375264,44.37877,,149.9663,12,,,8.7,,,16.3,,,8.9,
2025,288,39.5647643567987,42.95198059082031,21.422456956597593,44.82504950794264,50.600608825683594,38.24064414668386,10285.52117578125,11261.5,13.052515442820669,3447.3484090169272,4325.60009765625,62.683826263762235,68.10154755910237,60.849998474121094,-19.860400066436924,64.73952381194584,57.41999816894531,-21.482291364011232,24.0,39.54860243899018,39.88816706339518,1.5876534328397085,44.784309393300994,45.27466551462809,2.77040321735613,10263.256164600843,10295.35001627604,0.642907495293025,3440.308642329543,3482.8499755859375,3.434341551653818,68.1727676008209,68.00833320617676,-0.8278887590357517,64.80410956945514,64.20583375295003,-2.0846765536699685,,43.208333333333336,41.333333333333336,1122.601,39.28287,,8.366666666666667,,896644525000.0,1199368583333.3333,,,,,,,,49.746,,,,,,,,,,,,,,,,,,54.379,,,,,,,,,,8.52,39.461861638283374,39.806275,44.667079255843,45.187354166666665,39.54860243899018,39.88816706339518,44.784309393300994,45.27466551462809,42.833333333333336,167306.25,21028776093.779793,21334743425.64058,,,,,,,,39.28287,,,22,42.67566958340731,42.95198059082031,1.1360601807668624,49.9947114424272,50.600608825683594,2.6103882079300034,11227.590953480114,11261.5,1.3043673818198265,4311.059104225852,4325.60009765625,2.035720447827871,61.62863592668013,60.849998474121094,-3.672629036048858,57.866363525390625,57.41999816894531,-3.20296954762912,,38.75,36.5,1167.845,37.85867,,7.8,,1019148000000.0,1378914000000.0,42.62445434782609,42.9009,49.89256956521739,50.49865,42.67566958340731,42.95198059082031,49.9947114424272,50.600608825683594,38.0,184021.0,23923874915.88263,24560207208.555862,,,,,,,,37.85867,,,12,,,8.3,,,15.3,,,8.5,
2026,73,43.813964472876656,44.65800094604492,3.870310938556254,51.25994931326972,52.36758041381836,3.746109099681117,13179.78003627232,14073.7998046875,22.397892981377662,4848.819098977481,4761.89990234375,10.37224202969458,81.18132344414207,95.1999969482422,56.70781390657149,75.86676451739143,96.56999969482422,68.47522716149652,18.25,43.92051163400922,44.13084983825683,0.9247480163055212,51.34799670373431,51.95433712005615,1.1630753094531183,13204.459702845985,13605.224853515623,6.419662613976795,4830.007641000806,4838.4749755859375,2.4376878500954264,83.98225731500924,89.18000030517578,18.007494987279355,79.86891130504752,82.54499816894531,15.099992658001248,,38.75,35.5,,,,8.1,,,,,,,,,,,,,,,,,,,,,,,,,,,,,,,,,,,,,,,,43.847676706349205,44.0513375,51.219739384920636,51.7113375,43.92051163400922,44.130849838256836,51.34799670373431,51.95433712005615,37.0,193064.0,25256728139.793213,25417815311.72376,,,,,,,,,,,9,44.57251262664795,44.65800094604492,0.3857366284214292,51.77999019622803,52.36758041381836,1.2840299098143104,13282.4375,14073.7998046875,8.779627140162471,4721.742885044643,4761.89990234375,-0.445314686799525,102.15714154924665,95.1999969482422,-5.8916632049308415,103.69571576799665,96.56999969482422,-3.545748056702891,,38.75,35.5,,,,8.1,,,,44.50101111111111,44.555800000000005,51.573127777777785,52.12135,44.57251262664795,44.65800094604492,51.77999019622803,52.36758041381836,37.0,150774.0,25598200172.986256,25598200172.986256,,,,,,,,,,,4,,,,,,,,,,
