term,term_year,term_year_key,market_days_avg,usd_try_avg_avg,usd_try_last_avg,usd_try_return_month_pct_avg,eur_try_avg_avg,eur_try_last_avg,eur_try_return_month_pct_avg,bist100_avg_avg,bist100_last_avg,bist100_return_month_pct_avg,gold_usd_avg_avg,gold_usd_last_avg,gold_usd_return_month_pct_avg,brent_oil_usd_avg_avg,brent_oil_usd_last_avg,brent_oil_usd_return_month_pct_avg,wti_oil_usd_avg_avg,wti_oil_usd_last_avg,wti_oil_usd_return_month_pct_avg,short_term_interest_rate_percent_avg,discount_rate_percent_avg,immediate_interbank_rate_percent_avg,cpi_all_items_index_fred_avg,cpi_inflation_yoy_percent_fred_avg,cpi_inflation_mom_percent_fred_avg,harmonized_unemployment_rate_percent_avg,industrial_production_index_avg,exports_value_fred_avg,imports_value_fred_avg,usd_try_tcmb_mid_avg_avg,usd_try_tcmb_mid_last_avg,eur_try_tcmb_mid_avg_avg,eur_try_tcmb_mid_last_avg,usd_try_avg_harmonized_avg,usd_try_last_harmonized_avg,eur_try_avg_harmonized_avg,eur_try_last_harmonized_avg,policy_rate_percent_tcmb_avg,gross_reserves_usd_million_tcmb_avg,m2_money_supply_try_avg_avg,m2_money_supply_try_last_avg,cpi_index_1994_100_tuik_avg,cpi_index_2025_100_tuik_avg,cpi_mom_percent_tuik_avg,cpi_yoy_percent_tuik_avg,cpi_12m_avg_change_percent_tuik_avg,cpi_vs_prev_dec_percent_tuik_avg,inflation_mom_percent_harmonized_avg,inflation_yoy_percent_harmonized_avg,industrial_production_index_tuik_avg,industrial_production_index_harmonized_avg,market_days_last,usd_try_avg_last,usd_try_last_last,usd_try_return_month_pct_last,eur_try_avg_last,eur_try_last_last,eur_try_return_month_pct_last,bist100_avg_last,bist100_last_last,bist100_return_month_pct_last,gold_usd_avg_last,gold_usd_last_last,gold_usd_return_month_pct_last,brent_oil_usd_avg_last,brent_oil_usd_last_last,brent_oil_usd_return_month_pct_last,wti_oil_usd_avg_last,wti_oil_usd_last_last,wti_oil_usd_return_month_pct_last,short_term_interest_rate_percent_last,discount_rate_percent_last,immediate_interbank_rate_percent_last,cpi_all_items_index_fred_last,cpi_inflation_yoy_percent_fred_last,cpi_inflation_mom_percent_fred_last,harmonized_unemployment_rate_percent_last,industrial_production_index_last,exports_value_fred_last,imports_value_fred_last,usd_try_tcmb_mid_avg_last,usd_try_tcmb_mid_last_last,eur_try_tcmb_mid_avg_last,eur_try_tcmb_mid_last_last,usd_try_avg_harmonized_last,usd_try_last_harmonized_last,eur_try_avg_harmonized_last,eur_try_last_harmonized_last,policy_rate_percent_tcmb_last,gross_reserves_usd_million_tcmb_last,m2_money_supply_try_avg_last,m2_money_supply_try_last_last,cpi_index_1994_100_tuik_last,cpi_index_2025_100_tuik_last,cpi_mom_percent_tuik_last,cpi_yoy_percent_tuik_last,cpi_12m_avg_change_percent_tuik_last,cpi_vs_prev_dec_percent_tuik_last,inflation_mom_percent_harmonized_last,inflation_yoy_percent_harmonized_last,industrial_production_index_tuik_last,industrial_production_index_harmonized_last,months_in_window,window_start,window_end
22.0,2002,22_2002,21.5,1.598894441102757,1.5913705,-0.0824573248157332,,,,122.97585004170736,118.35149765014648,3.8862287865954617,327.026942241162,332.1999969482422,4.409245525510757,,,,27.791403615086303,29.045000076293945,6.82640997601507,40.24,55.0,44.265,35.163955,30.757400000000004,2.27791749645101,,44.30209,5388015000.0,7910933000.000001,1.5975974738095238,1.59281925,1.6140243244047618,1.62205275,1.598894441102757,1.5913705,1.6140243244047618,1.62205275,44.0,27646.0,,,7408.200000000001,,2.25,30.75,46.6,28.7,2.25,30.75,32.9,32.9,22,1.5960977631578943,1.6436995,8.40063997087681,,,,117.98870010375975,103.6989974975586,-22.405382421964298,334.9380943661644,347.6000061035156,9.445843647188743,,,,29.39333352588472,31.200000762939453,14.537448697117728,39.28,55.0,44.0,35.45065,29.748790000000003,1.64402950543021,,45.58328,5429437000.0,8081378000.000002,1.5874333999999999,1.6384425,1.618424625,1.707585,1.5960977631578943,1.6436995,1.618424625,1.707585,44.0,28094.0,,,7468.6,,1.6,29.7,45.0,29.7,1.6,29.7,32.3,32.3,2,2002-11-01,2002-12-01
22.0,2003,22_2003,21.583333333333332,1.4990332805428117,1.4910369166666666,-1.2865621565802703,,,,123.12171641454559,125.0781675974528,4.617824032555856,363.9192918979866,368.00833384195965,1.7219017705531658,,,,31.03905526956741,30.83749993642171,1.0214015351381331,33.7475,50.333333333333336,36.156666666666666,38.37551333333333,21.9363925,1.005000612650904,,47.3252425,5880678416.666667,8600821000.0,1.5003197992225588,1.4989029583333335,1.6917770760271582,1.69763525,1.4990332805428117,1.4910369166666666,1.6917770760271582,1.69763525,35.5,31222.416666666668,,,,,,,,,1.005000612650904,21.9363925,,47.3252425,23,1.429860239130435,1.396638,-3.725221086125874,,,,173.26578355872113,186.25,16.35098035496254,408.8000023251488,415.7000122070313,3.2282094874426237,,,,32.142381123134065,32.52000045776367,8.58096704292699,23.5,43.0,26.0,39.95625,12.70951,0.4243827160493779,,49.35941,6202502000.0,10054720000.0,1.432562695652174,1.399201,1.7571236739130436,1.7492805,1.429860239130435,1.396638,1.7571236739130436,1.7492805,26.0,35169.0,,,,,,,,,0.4243827160493779,12.70951,,49.35941,12,2003-01-01,2003-12-01
22.0,2004,22_2004,21.75,1.4252582862343204,1.4245372916666668,0.013471940776727939,,,,199.04480751424032,201.10108439127603,2.5903882196620542,409.57758973804135,411.40833282470703,0.2525110729981777,,,,41.40349854958278,41.59833304087321,1.4994273542579146,21.948333333333334,40.083333333333336,21.8425,41.6751425,8.60280125,0.7496024080123803,,51.573387499999995,7433482583.333333,11544984916.666666,1.42526680943752,1.4263179583333334,1.7713837713676774,1.7755085416666667,1.4252582862343204,1.4245372916666668,1.7713837713676774,1.7755085416666667,21.666666666666668,35578.083333333336,,,,,,,,,0.7496024080123803,8.60280125,,51.573387499999995,23,1.3927906739130436,1.3395,-5.874466261846045,,,,237.19500005812873,249.7169952392578,10.68574498372088,442.7142828078497,437.5,-3.6343612334801767,,,,43.256190163748606,43.45000076293945,-4.484503935494466,19.87,38.0,18.69,43.694,9.354590000000002,0.317180616740093,,51.38233,8288893000.0,12652870000.0,1.3967016304347828,1.34535,1.8704227391304347,1.8312,1.3927906739130436,1.3395,1.8704227391304347,1.8312,18.0,37612.0,,,,,,,,,0.317180616740093,9.354590000000002,,51.38233,12,2004-01-01,2004-12-01
22.0,2005,22_2005,24.25,1.3437213728167092,1.338916669289271,0.2368276887206274,1.6711321589820294,1.658050000667572,-0.6493741527282114,293.6181559654955,300.6305847167969,2.7112982686735,445.0518858407847,448.64166259765625,1.8863477166088172,,,,56.55603278801792,57.284166971842446,2.140246275471694,14.83888888888889,28.916666666666668,14.840000000000002,45.08381833333333,8.19005025,0.6235091049742997,9.508333333333333,59.10317,8175164250.0,12923598333.333334,1.344278982923382,1.3473916666666668,1.6744600383080561,1.6714166666666668,1.3437213728167092,1.338916669289271,1.6711321589820294,1.658050000667572,14.729166666666666,42834.666666666664,,,,,0.6224999999999999,,,,0.6224999999999999,8.19005025,,59.10317,22,1.3501318151300603,1.350000023841858,-0.625688623406051,1.598772731694308,1.593500018119812,0.0,384.89545371315694,397.7770080566406,3.866635195688506,509.55238124302457,517.0999755859375,2.905467778296011,,,,59.4471428280785,61.040000915527344,4.395415839181194,14.0,23.0,13.57,47.06718,7.720007000000002,0.4175536269854289,9.7,61.09238,8901107000.0,14062580000.0,1.3489568181818183,1.34625,1.599959090909091,1.5942500000000002,1.3501318151300603,1.350000023841858,1.598772731694308,1.593500018119812,13.5,52378.0,,,,,0.42,,,,0.42,7.720007000000002,,61.09238,12,2005-01-01,2005-12-01
22.0,2006,22_2006,24.25,1.4315783391381247,1.4303416510423024,0.7402933024578182,1.7833928227341416,1.7903250058492024,1.4375916095254935,398.6066900420153,400.1085789998372,-0.3498662907348276,604.0956711710074,613.9083302815756,1.1512978695311864,,,,66.23255205208237,66.965833346049,0.05269994052196825,17.468,23.333333333333332,15.589999999999998,49.41062083333333,9.58703775,0.772912301143832,9.058333333333334,63.55360833333333,10216775666.666666,16664149166.666666,1.432884143083059,1.4379416666666665,1.80116179826694,1.8125708333333332,1.4315783391381247,1.4303416510423024,1.7833928227341416,1.7903250058492024,15.770833333333334,60111.083333333336,,,,,,,,,0.772912301143832,9.58703775,,63.55360833333333,21,1.4229000012079875,1.410099983215332,-2.3476469786967047,1.8564285721097673,1.82260000705719,-3.037715595558766,390.1090916224889,391.1749877929687,2.411213473323315,628.0449981689453,635.2000122070312,-1.4735535629165295,,,,62.086499786376955,61.04999923706055,-3.752169409844741,18.78,27.0,17.5,51.6108,9.653485,0.2310329408257499,8.9,66.08227,11475140000.0,17537250000.0,1.4298357142857143,1.4165,1.8888309523809523,1.8631,1.4229000012079875,1.410099983215332,1.8564285721097673,1.82260000705719,17.5,63186.0,,,,,,,,,0.2310329408257499,9.653485,,66.08227,12,2006-01-01,2006-12-01
22.0,2007,22_2007,24.428571428571427,1.3532554386800995,1.349514263016837,-1.0875273183650225,1.786270107827841,1.7843142918178014,-0.6559829827961485,447.7288641025886,454.65614536830356,5.292219075320871,659.7438801716801,662.9857177734375,0.42210393295446663,76.39500045776367,77.05000305175781,1.729608166010954,63.43537685910314,66.3442862374442,3.853883231774058,16.990000000000002,27.0,17.5,53.04822428571429,9.485233571428571,0.44032083799555016,9.057142857142857,68.45198142857143,11420437142.857143,17974770000.0,1.3591586809308702,1.3558928571428572,1.8126544649915302,1.8140642857142857,1.3532554386800995,1.349514263016837,1.786270107827841,1.7843142918178014,17.5,69081.85714285714,,,,,,,,,0.44032083799555016,9.485233571428571,,68.45198142857143,27,1.2749999968901924,1.2857999801635742,-0.3642049202535635,1.7407000013019729,1.7596999406814575,1.0740886737689692,516.4353166060014,528.2490234375,10.673265845413749,665.7857171921503,666.9000244140625,1.584162134662992,76.39500045776367,77.05000305175781,1.729608166010954,74.15047527494885,78.20999908447266,10.015477723111244,16.12,27.0,17.5,53.21488000000001,6.899475999999999,-0.7301882740353889,9.1,67.97033,11488820000.0,18188760000.0,1.2790522727272728,1.30375,1.7528454545454546,1.782,1.2749999968901924,1.2857999801635742,1.7407000013019729,1.7596999406814575,17.5,71733.0,,,,,,,,,-0.7301882740353889,6.899475999999999,,67.97033,7,2007-01-01,2007-07-01
23.0,2007,23_2007,24.0,1.2232498338470212,1.1979399919509888,-2.077386412916864,1.7242257543146866,1.705060029029846,-0.2736670825206521,531.5370496948826,543.2207946777344,1.8248238094768943,750.0030730901217,764.9800048828125,4.216772261918695,82.86117363129044,84.91999969482421,4.637176535864766,84.80344018011476,86.98400115966797,5.1349937220610276,16.14,26.6,16.869999999999997,54.701536,7.8011204,1.0067596641434728,9.34,69.642616,11795434000.0,18609312000.0,1.2277322980177718,1.21678,1.7395256574390523,1.74008,1.2232498338470212,1.1979399919509888,1.7242257543146866,1.705060029029846,16.7,75171.4,,,,,,,,,1.0067596641434728,7.8011204,,69.642616,21,1.175639992952347,1.1627999544143677,-0.8949180246920596,1.707434993982315,1.682800054550171,-3.008643188735105,552.9721583316201,555.3809814453125,2.2424464220443863,807.9599975585937,834.9000244140625,5.911459766929794,91.3939998626709,93.8499984741211,4.510017020855783,91.7424991607666,95.9800033569336,7.468375300272334,16.14,25.0,15.96,55.939519999999995,8.38724,0.2200068752148829,9.3,71.20702,11798440000.0,19133920000.0,1.1757947368421053,1.1675,1.713428947368421,1.7143,1.175639992952347,1.1627999544143677,1.707434993982315,1.682800054550171,15.75,76415.0,,,,,,,,,0.2200068752148829,8.38724,,71.20702,5,2007-08-01,2007-12-01
23.0,2008,23_2008,24.333333333333332,1.3003247043955424,1.2998916506767273,1.8722223906096327,1.9003658971477837,1.9020666579405467,1.6979704483928568,375.8189073264195,369.60475158691406,-4.101368920783044,870.9530665006592,876.7749989827474,1.5616037150687803,98.33399876254634,97.68166732788086,-2.949088030607888,99.64822898699494,98.58333269755046,-3.55119749065636,16.015,25.0,15.995,59.34947666666667,10.433652083333333,0.8059304045796266,10.016666666666667,68.25129249999999,14100797500.0,21526957500.0,1.3010205509842623,1.2960416666666668,1.9032150490583344,1.9085999999999999,1.3003247043955424,1.2998916506767273,1.9003658971477837,1.9020666579405467,15.958333333333334,77795.58333333333,,,,,,,,,0.8059304045796266,10.433652083333333,,68.25129249999999,23,1.5363304355870122,1.4931999444961548,-6.587429964076874,2.0828608844591225,2.1233999729156494,5.421507411015902,257.1063119988692,268.6409912109375,10.407367625213148,822.6681823730469,883.5999755859375,14.071779426219088,42.98047601609003,45.59000015258789,-4.961436330103874,42.04227222095836,44.599998474121094,-9.496754101264116,16.65,25.0,15.63,61.56916,10.0638,-0.4096834264432028,12.0,60.68779,12437790000.0,17883680000.0,1.5425184210526317,1.5159500000000001,2.0915421052631578,2.14595,1.5363304355870122,1.4931999444961548,2.0828608844591225,2.1233999729156494,15.0,74254.0,,,,,,,,,-0.4096834264432028,10.0638,,60.68779,12,2008-01-01,2008-12-01
23.0,2009,23_2009,24.25,1.5512446425017032,1.5498499969641368,0.16932642539953804,2.1585059567621236,2.1595166524251304,0.21011189512056458,375.1870507852205,384.8270835876465,5.254993656702363,973.4412717553109,984.7833201090494,1.891697287870019,62.68310764932062,64.25916639963786,5.257469472640146,61.797740549105775,63.92333253224691,5.675313731144194,,19.666666666666668,9.236833333333333,63.059396666666665,6.27902225,0.5308615708608045,13.033333333333333,60.991234166666665,13093056666.666666,17972585000.0,1.5505203626820674,1.5527916666666668,2.1552182485074676,2.1613374999999997,1.5512446425017032,1.5498499969641368,2.1585059567621236,2.1595166524251304,8.8125,72197.91666666667,,,,,,,,,0.5308615708608045,6.27902225,,60.991234166666665,23,1.5065863620151172,1.4982999563217163,-0.1665816363206396,2.1968863660638984,2.1482999324798584,-5.177437999961065,503.4773042098336,528.25,14.627637400787563,1128.9772838245738,1095.199951171875,-8.664834169752355,75.20909049294211,77.93000030517578,-1.7895377394473777,74.6031827059659,79.36000061035156,1.2632357140152095,,15.0,6.5,65.58704,6.525804,0.529380624669145,12.0,63.65475,13958190000.0,19659670000.0,1.5031282608695653,1.50935,2.1995826086956525,2.1654999999999998,1.5065863620151172,1.4982999563217163,2.1968863660638984,2.1482999324798584,6.5,74829.0,,,,,,,,,0.529380624669145,6.525804,,63.65475,12,2009-01-01,2009-12-01
23.0,2010,23_2010,24.25,1.5046195018118704,1.5136583248774211,0.8701116929733264,1.9956747261922665,2.0016333560148873,0.23411969443896305,594.8414954750566,595.6730804443359,1.3086641687527247,1225.7528169460388,1237.7833353678386,1.9451646130364317,80.2346947843375,80.59749921162923,0.7512277087609883,79.53029161328115,79.98499997456868,0.48399896153026106,,14.916666666666666,5.8133333333333335,68.46134666666667,8.582609083333333,0.5219938848510967,11.116666666666667,69.04922583333332,14228755833.333334,23153714166.666668,1.5020440363652048,1.5107291666666667,1.9937538602379907,1.9937666666666667,1.5046195018118704,1.5136583248774211,1.9956747261922665,2.0016333560148873,6.791666666666667,78899.58333333333,,,,,,,,,0.5219938848510967,8.582609083333333,,69.04922583333332,23,1.5199826022853022,1.552299976348877,3.3144703648494422,2.007213048312975,2.065700054168701,5.770614830014442,660.3713431980299,660.0449829101562,-0.2293101450387857,1393.954551003196,1421.0999755859375,2.4363818617582966,92.18590823086824,94.75,6.616402691226564,89.23318169333719,91.37999725341795,5.337172626418418,,14.0,1.63,69.78529,6.40103,-0.3015350877193009,10.1,75.118,16452100000.0,27173760000.0,1.516795652173913,1.54975,2.0041086956521736,2.05405,1.5199826022853022,1.552299976348877,2.007213048312975,2.065700054168701,6.5,85968.0,,,,,,,,,-0.3015350877193009,6.40103,,75.118,12,2010-01-01,2010-12-01
23.0,2011,23_2011,23.833333333333332,1.5698839362788026,1.5802500049273174,1.0663520163402662,2.202971040009482,2.238433361053467,1.899077166854746,650.6457075752169,640.9366556803385,-0.9960039423065631,1446.496233304084,1462.7000325520833,0.7590124812227445,111.14076601893102,114.21166865030925,2.6060470965038625,98.33112774522185,101.3216667175293,0.9679929772209345,,14.0,1.5,71.40472333333334,5.1193195,0.569297832399145,9.6,77.612945,17202358333.333332,31260605000.0,1.5679580031683293,1.5797083333333333,2.199498676046176,2.2407416666666666,1.5698839362788026,1.5802500049273174,2.202971040009482,2.238433361053467,6.25,93542.0,,,,,,,,,0.569297832399145,5.1193195,,77.612945,26,1.6004590879787095,1.621399998664856,1.508792664356262,2.303931799801913,2.3452999591827393,2.307628625290725,625.9130859375,632.6939697265625,0.0706939602181044,1527.9954556551847,1502.300048828125,-2.599842774326389,113.90181801535869,112.4800033569336,-1.7899200595589693,96.28863664106888,95.41999816894533,-4.855920532580271,,14.0,1.5,72.17605999999998,6.235879,-1.43074262355223,9.5,79.02899,17729790000.0,32636550000.0,1.5978568181818182,1.63415,2.298931818181818,2.35485,1.6004590879787095,1.621399998664856,2.303931799801913,2.3452999591827393,6.25,99379.0,,,,,,,,,-1.43074262355223,6.235879,,79.02899,6,2011-01-01,2011-06-01
24.0,2011,24_2011,24.666666666666668,1.7850246321763095,1.7930000225702922,2.9466960493337857,2.4617137271828873,2.4687333901723227,1.5992215937090624,564.3772843236975,562.968495686849,-2.9441017393883993,1692.0455772615778,1685.4500122070312,1.3161696382082269,110.81041412966522,110.35166549682617,0.014944372288655564,91.90967239158742,92.68166605631511,1.8369149639995237,,14.5,4.53,74.37944166666666,7.784548166666667,1.1073607221469952,8.633333333333333,81.56889333333334,20398733333.333332,35439520000.0,1.7821512778157516,1.7981416666666667,2.458298812371839,2.473475,1.7850246321763095,1.7930000225702922,2.4617137271828873,2.4687333901723227,5.833333333333333,94039.66666666667,,,,,,,,,1.1073607221469952,7.784548166666667,,81.56889333333334,22,1.868004555051977,1.91540002822876,4.959175603988175,2.459945472803983,2.480600118637085,1.0633595077338631,526.7814983021129,512.666015625,-4.7206038608736955,1641.9666748046875,1565.800048828125,-9.76776322426003,107.72285643078033,107.37999725341795,-1.477200332056117,98.57571338471912,98.83000183105467,-1.3672606376377128,,17.0,5.0,77.07658,10.44817,0.575863795693552,8.5,82.26568,21468050000.0,34919150000.0,1.8633363636363638,1.9111,2.4581022727272726,2.46515,1.868004555051977,1.91540002822876,2.459945472803983,2.480600118637085,5.75,88340.0,,,,,,,,,0.575863795693552,10.44817,,82.26568,6,2011-07-01,2011-12-01
24.0,2012,24_2012,24.333333333333332,1.7992819275336558,1.7961724996566772,-0.1347618215352231,2.313815867700409,2.315477470556895,-0.10990259468213841,637.3101960098245,649.8239898681641,3.3567434745640248,1670.3263090527687,1676.3250122070312,-0.016092631300497134,111.70082969704647,111.5483341217041,0.022431773221511426,94.23582023159945,94.05166689554851,-0.6640660199239135,,16.208333333333332,5.0,79.3733325,8.935599833333333,0.5023717724674343,8.408333333333333,82.8276025,22741754166.666668,35136051666.666664,1.7965894417388169,1.7915416666666666,2.3098491865079365,2.3101416666666665,1.7992819275336558,1.7961724996566772,2.313815867700409,2.315477470556895,5.729166666666667,101989.5,,,,,,,,,0.5023717724674343,8.935599833333333,,82.8276025,21,1.7859804743812198,1.7886799573898315,0.1736084800305182,2.341939029239473,2.3647499084472656,1.8757459536188792,769.1981898716518,782.083984375,5.261850442433391,1684.3800048828125,1674.800048828125,-2.6052528142510245,109.30277803209091,111.11000061035156,0.1712968306372131,88.24550018310546,91.81999969482422,3.064320876812632,,13.5,5.0,81.82741999999999,6.163804,0.3813200263628578,8.8,84.2886,21605100000.0,33122140000.0,1.7833833333333335,1.7869,2.3388714285714287,2.3573500000000003,1.7859804743812198,1.7886799573898315,2.341939029239473,2.3647499084472656,5.5,119167.0,,,,,,,,,0.3813200263628578,6.163804,,84.2886,12,2012-01-01,2012-12-01
24.0,2013,24_2013,24.25,1.9033908815197755,1.92269500096639,1.4600589015160104,2.5299849169316304,2.5636200110117593,1.9644688958718424,779.76814767721,773.1463368733724,-1.0752231348691297,1411.1840434219755,1394.3999938964844,-2.4361954204655514,108.7664413649397,108.44000053405762,-0.2810112310594174,97.96887858566896,97.60750007629395,0.44219236349439067,,11.229166666666666,3.8125,85.32084916666666,7.494407083333333,0.5983216455419292,9.049999999999999,88.55922833333334,25718553333.333332,41490096666.666664,1.9043034021957892,1.9286,2.5304126030339904,2.570091666666667,1.9033908815197755,1.92269500096639,2.5299849169316304,2.5636200110117593,4.791666666666667,128752.83333333333,,,,,,,,,0.5983216455419292,7.494407083333333,,88.55922833333334,22,2.0606190724806352,2.1205599308013916,5.033853306197478,2.8222509189085527,2.9271600246429443,6.715374998000834,708.7450533780185,678.0170288085938,-9.538872337592696,1225.0095156715029,1201.9000244140625,-1.6689866316884294,110.85400009155272,110.8000030517578,-0.5832157149239126,97.89428601946148,98.41999816894533,4.903004145261014,,10.25,3.5,87.88303,7.400460000000002,0.460607124056825,9.1,91.03169,27857590000.0,46773840000.0,2.0596863636363634,2.1362,2.8205500000000003,2.93915,2.0606190724806352,2.1205599308013916,2.8222509189085527,2.9271600246429443,4.5,131035.0,,,,,,,,,0.460607124056825,7.400460000000002,,91.03169,12,2013-01-01,2013-12-01
24.0,2014,24_2014,24.25,2.1859177173851827,2.186061680316925,0.4681148397854033,2.90296191866417,2.8860491514205933,-0.5415920468875438,751.9047239730436,763.0626678466797,2.518602185552091,1265.8081748832635,1251.3083394368489,-0.6965555899857367,99.47251669753166,97.52416737874348,-4.522450566070476,92.99651138671992,91.22749996185303,-4.099021884765249,,10.145833333333334,7.75,92.87564583333334,8.851987,0.6591841349427375,9.891666666666667,93.76264250000001,30307919166.666668,45776621666.666664,2.188759119377,2.1953625,2.90858953690633,2.8997541666666664,2.1859177173851827,2.186061680316925,2.90296191866417,2.8860491514205933,8.979166666666666,130293.41666666667,,,,,,,,,0.6591841349427375,8.851987,,93.76264250000001,23,2.2903721747191055,2.32273006439209,4.655769065913495,2.822284325309422,2.825269937515259,2.3722726738681255,841.7695206351902,857.2109985351562,-0.4947367839338801,1200.168174050071,1183.9000244140625,-2.7996695883364175,63.20363651622426,57.33000183105469,-20.967740408750014,59.28954488580877,53.27000045776367,-22.797100785849757,,9.0,7.5,95.06303,8.169949,-0.4420866489832049,10.3,94.80782,30532120000.0,47283270000.0,2.289723913043478,2.32095,2.824241304347826,2.82325,2.2903721747191055,2.32273006439209,2.822284325309422,2.825269937515259,8.25,127308.0,,,,,,,,,-0.4420866489832049,8.169949,,94.80782,12,2014-01-01,2014-12-01
24.0,2015,24_2015,23.833333333333332,2.5628091667162756,2.588333328564962,1.814745633203474,2.8612463591673034,2.8721800247828164,0.5992095138401136,841.6318615184247,838.528330485026,-0.23611343239783503,1205.7381846242135,1202.9166666666667,-0.24893504024847313,59.220975550249356,61.10166676839193,2.3986386101410595,53.28884319315705,54.166666666666664,1.2836776636881708,,9.0,7.291666666666667,98.34730833333333,7.601331333333333,0.780199913993734,10.433333333333332,97.28028833333333,33035965000.0,46967580000.0,2.562781910932635,2.5846833333333334,2.860238117357788,2.864166666666667,2.5628091667162756,2.588333328564962,2.8612463591673034,2.8721800247828164,7.541666666666667,123793.66666666667,,,,,,,,,0.780199913993734,7.601331333333333,,97.28028833333333,26,2.702579075639898,2.681030035018921,0.0078351686837896,3.0332822691310537,2.9859399795532227,2.012267595978656,814.755595814098,822.4949951171875,2.263357309548142,1180.7818215110085,1171.5,-1.4137884488595986,63.70409029180353,63.59000015258789,-1.9882816822439309,59.82863651622426,59.470001220703125,-1.2126238089447572,,9.0,7.25,99.58746,7.204527000000001,-0.5137051945562789,10.2,99.52798,32590970000.0,47194600000.0,2.7035886363636363,2.6887,3.029456818181818,2.98485,2.702579075639898,2.681030035018921,3.0332822691310537,2.9859399795532227,7.5,119608.0,,,,,,,,,-0.5137051945562789,7.204527000000001,,99.52798,6,2015-01-01,2015-06-01
25.0,2015,25_2015,25.0,2.873266859694477,2.917455959320068,2.371462916592426,3.181457396399923,3.204760026931763,1.3104151597298388,778.9995074515734,767.9348022460938,-1.7296708054823369,1122.906970056311,1109.860009765625,-1.6430664273716158,49.67915333553826,49.78000030517578,-2.700288668143618,45.699366338985826,45.93000030517578,-2.9308728039483434,,9.0,7.25,101.295926,7.5170677999999995,0.7206305952129194,10.16,100.71476,35263898000.0,49128438000.0,2.8713322662337664,2.91187,3.1830917467532465,3.21168,2.873266859694477,2.917455959320068,3.181457396399923,3.204760026931763,7.5,119337.8,,,,,,,,,0.7206305952129194,7.5170677999999995,,100.71476,21,2.8730714207603816,2.925649881362915,2.7625571101288715,3.0881761823381697,3.0957601070404053,-1.367764508204572,803.1768566313244,752.3280029296875,-10.109252536343304,1084.0050048828125,1065.800048828125,-6.163056611260343,45.90700016021729,44.61000061035156,-8.567329835498128,42.92300014495849,41.650001525878906,-9.731248207985166,,9.0,7.25,103.2216,8.102242,0.66616766467065,10.2,101.6858,33557240000.0,47400410000.0,2.8738785714285715,2.9221500000000002,3.0922095238095233,3.0966,2.8730714207603816,2.925649881362915,3.0881761823381697,3.0957601070404053,7.5,116548.0,,,,,,,,,0.66616766467065,8.102242,,101.6858,5,2015-07-01,2015-11-01
26.0,2015,26_2015,23.0,2.9182738946831743,2.9200899600982666,0.3312195182690436,3.176840875459754,3.1928000450134277,3.753964500635631,734.5194755222486,717.27001953125,-6.587827418482006,1069.9454567649148,1060.300048828125,-0.3290091971565156,38.90954520485618,37.279998779296875,-16.11161131564226,37.32727258855646,37.040000915527344,-11.493423498134948,,9.0,7.25,103.4365,8.808332,0.208193917763403,10.4,102.4949,33590420000.0,50020190000.0,2.9198565217391304,2.9101999999999997,3.1725434782608697,3.18045,2.9182738946831743,2.9200899600982666,3.176840875459754,3.1928000450134277,7.5,110533.0,,,,,,,,,0.208193917763403,8.808332,,102.4949,23,2.9182738946831743,2.9200899600982666,0.3312195182690436,3.176840875459754,3.1928000450134277,3.753964500635631,734.5194755222486,717.27001953125,-6.587827418482006,1069.9454567649148,1060.300048828125,-0.3290091971565156,38.90954520485618,37.279998779296875,-16.11161131564226,37.32727258855646,37.040000915527344,-11.493423498134948,,9.0,7.25,103.4365,8.808332,0.208193917763403,10.4,102.4949,33590420000.0,50020190000.0,2.9198565217391304,2.9101999999999997,3.1725434782608697,3.18045,2.9182738946831743,2.9200899600982666,3.176840875459754,3.1928000450134277,7.5,110533.0,,,,,,,,,0.208193917763403,8.808332,,102.4949,1,2015-12-01,2015-12-01
26.0,2016,26_2016,24.333333333333332,3.0210550970140506,3.0323167045911155,1.7000973994380961,3.341060628362182,3.3460508386294046,1.3970808307074265,771.765600838336,775.8695831298828,1.232985867469569,1247.868251950371,1247.366678873698,0.505559118034954,45.03423532198241,45.93916702270508,3.838623940180496,43.3224473587613,44.46833324432373,4.845156791508007,,8.979166666666666,7.25,107.775125,7.784574,0.6869056014496109,10.883333333333333,102.61857916666666,37651937500.0,50987451666.666664,3.021260530472949,3.0381208333333336,3.3406819675141683,3.3437750000000004,3.0210550970140506,3.0323167045911155,3.341060628362182,3.3460508386294046,7.583333333333333,115998.5,,,,,,,,,0.6869056014496109,7.784574,,102.61857916666666,22,3.497185923836448,3.5176000595092773,2.39690738642575,3.686454079367898,3.714970111846924,2.0399925266219476,764.6489091352983,781.3870239257812,7.747949360611228,1151.395252046131,1150.0,-1.4482838341312476,54.717618851434615,56.130001068115234,11.236627202768478,52.16571499052502,53.720001220703125,5.209556944515725,,8.75,7.25,112.2628,8.533056,1.6434453285153503,12.1,104.1133,44940710000.0,61735690000.0,3.492075,3.535,3.6845954545454545,3.6972500000000004,3.497185923836448,3.5176000595092773,3.686454079367898,3.714970111846924,8.0,106111.0,,,,,,,,,1.6434453285153503,8.533056,,104.1133,12,2016-01-01,2016-12-01
26.0,2017,26_2017,24.25,3.6449826836144728,3.6399616599082947,0.691060786922241,4.117277765123718,4.142187436421712,1.7482156053486575,989.8348272194402,1004.3902435302734,3.25490563812273,1257.4826559018938,1266.508321126302,1.1978144469711378,54.819955324789454,55.68250020345052,1.5839030938106429,50.950964326672654,51.864999771118164,1.3465373196296937,,8.75,7.25,119.785925,11.133397666666667,0.9456163602310409,10.933333333333332,111.59810833333334,49877394166.666664,72307960000.0,3.6477488019166824,3.650116666666667,4.11762700447801,4.1498875,3.6449826836144728,3.6399616599082947,4.117277765123718,4.142187436421712,8.0,109059.41666666667,,,,9.8075,,,,,0.9456163602310409,11.133397666666667,,111.59810833333334,21,3.8406595389048257,3.776859998703003,-3.5639512161268816,4.543718973795573,4.510359764099121,-3.1955792329565913,1093.6417358398437,1153.3299560546875,11.369363755964043,1265.5700073242188,1306.300048828125,2.1504534680930387,64.06650028228759,66.5999984741211,4.898404021792735,57.94699993133545,60.41999816894531,3.5298107214693175,,8.75,7.25,125.6442,11.91974,0.685774032843343,9.9,119.0829,55992940000.0,87272870000.0,3.8511642857142854,3.81385,4.556623809523809,4.5519,3.8406595389048257,3.776859998703003,4.543718973795573,4.510359764099121,8.0,107730.0,,,,10.29,,,,,0.685774032843343,11.91974,,119.0829,12,2017-01-01,2017-12-01
26.0,2018,26_2018,24.0,4.0944092173193125,4.118480046590169,2.7397538929661995,4.948030335331466,4.9518600304921465,2.4193346589232094,1098.19140625,1091.441670735677,-2.6849862181788606,1317.1593045386273,1307.4833374023438,-0.7103922413806326,71.07563921483039,72.88333257039388,3.770679859240774,65.37431875784993,66.84500122070312,4.760166906265556,,10.375,8.75,131.04871666666665,11.53684,1.4753386650131943,10.216666666666667,115.80131666666666,59226018333.333336,87051601666.66667,4.088734321632474,4.12085,4.945202039180626,4.954383333333333,4.0944092173193125,4.118480046590169,4.948030335331466,4.9518600304921465,9.625,109632.83333333333,,,,,,,,,1.4753386650131943,11.53684,,115.80131666666666,25,4.631927967071533,4.5904998779296875,-1.2052132005434537,5.406166982650757,5.307469844818115,-2.04782584169646,958.737548828125,965.2009887695312,-2.673254633787636,1280.0238037109375,1251.300048828125,-3.359592088320529,75.97952379499164,79.44000244140625,2.384335856209052,67.32285672142392,74.1500015258789,12.67285257055306,,18.5,16.25,137.1683,15.38511,2.61239019348914,10.7,112.4747,66729209999.99999,93133190000.0,4.632385,4.61245,5.4118325,5.335800000000001,4.631927967071533,4.5904998779296875,5.406166982650757,5.307469844818115,17.75,98385.0,,,,,,,,,2.61239019348914,15.38511,,112.4747,6,2018-01-01,2018-06-01
27.0,2018,27_2018,24.666666666666668,5.590033654384612,5.60356330871582,3.44234499913871,6.437535479007576,6.458248297373454,3.331835159160709,940.5429316254176,944.1994934082031,-1.1801192204467772,1219.822715373249,1221.0500081380208,0.26642221658943094,72.03504504653804,70.39499982198079,-6.679116286653329,64.12339808175257,62.24333381652832,-7.757764430782747,,18.5,20.416666666666668,147.6511,20.904208333333333,1.6620714910464247,11.666666666666666,111.01371666666667,84219603333.33333,95555383333.33333,5.569022352092351,5.557108333333333,6.416282261303511,6.4166,5.590033654384612,5.60356330871582,6.437535479007576,6.458248297373454,21.916666666666668,90758.83333333333,,,,,,,,,1.6620714910464247,20.904208333333333,,111.01371666666667,21,5.312047140938895,5.274280071258545,1.6197843221363195,6.038866633460636,6.034749984741211,2.5198714559434565,918.929849243164,912.7050170898438,-3.899991915490264,1253.047369706003,1278.300048828125,3.59834861297994,57.47000021683542,53.79999923706055,-12.78975452308152,48.777369248239616,45.40999984741211,-14.239850437933722,,18.5,22.5,151.1522,20.30176,-0.404571659755242,12.7,106.9454,78323220000.0,86655170000.0,5.310907142857142,5.265650000000001,6.044119047619048,6.0334,5.312047140938895,5.274280071258545,6.038866633460636,6.034749984741211,24.0,93027.0,,,,,,,,,-0.404571659755242,20.30176,,106.9454,6,2018-07-01,2018-12-01
27.0,2019,27_2019,24.25,5.678403344330266,5.683517495791118,1.2500267472209032,6.354749153802278,6.3528216282526655,1.1913382411009281,992.9112235340808,1007.0917358398438,2.270234738857773,1391.883408651967,1402.5999959309895,1.5186947622062714,64.17403287034075,64.59916655222575,3.6806826475103533,57.03165613855993,57.09916687011719,2.8688863391414388,,17.8125,18.5,160.4988,15.461696416666667,0.9380837904691206,13.733333333333334,112.56460833333334,85531734166.66667,99597202500.0,5.674581331999971,5.687858333333334,6.352605386179725,6.36015,5.678403344330266,5.683517495791118,6.354749153802278,6.3528216282526655,20.0,99580.91666666667,,,,,,,,,0.9380837904691206,15.461696416666667,,112.56460833333334,22,5.849623159928755,5.9472198486328125,3.473097768125699,6.4975150715221055,6.660379886627197,5.171420671858429,1105.5850481305804,1144.25,5.944858964667921,1480.8523763020833,1519.5,3.911642567318152,65.17380886986142,66.0,8.338808246459006,59.80476197742281,61.060001373291016,9.113656848206531,,12.75,10.5,169.0427,11.83609,0.743281875357338,13.4,116.3857,87457150000.0,111186000000.0,5.842888636363637,5.94555,6.486722727272727,6.656549999999999,5.849623159928755,5.9472198486328125,6.4975150715221055,6.660379886627197,12.0,105696.0,,,,,,,,,0.743281875357338,11.83609,,116.3857,12,2019-01-01,2019-12-01
27.0,2020,27_2020,24.333333333333332,7.016618091636847,7.079289197921753,1.561805140708732,8.029738490127082,8.149903337160746,2.376505901054505,1133.5237852364178,1133.5607452392578,2.373119049953786,1771.6224069249558,1775.7166646321614,1.5144167804182722,43.16759435581511,41.629166762034096,-1.1801438493711152,39.40043840255137,38.59583377838135,2.000702127822508,,11.125,9.0,180.20637499999998,12.260618333333333,1.1436589259185483,13.141666666666666,114.52011833333334,98868621666.66667,128752346666.66667,7.011824606371533,7.053558333333332,8.02130378666783,8.103633333333333,7.016618091636847,7.079289197921753,8.029738490127082,8.149903337160746,10.5,90035.91666666667,,,,,,,,,1.1436589259185483,12.260618333333333,,114.52011833333334,23,7.710697402124819,7.373730182647705,-5.738114075059575,9.375166105187455,9.060379981994627,-3.0140433422878976,1387.7136452414773,1476.699951171875,11.42382077761357,1859.2954434481535,1893.0999755859375,4.35477653178864,50.218181956898086,51.79999923706055,9.236611634843197,47.06818147139115,48.52000045776367,8.911338470687413,,15.75,15.5,193.7218,14.59932,1.24954871836013,12.6,127.3095,127724700000.0,162303800000.0,7.7280173913043475,7.347099999999999,9.392628260869566,9.016,7.710697402124819,7.373730182647705,9.375166105187455,9.060379981994627,17.0,93589.0,,,,,,,,,1.24954871836013,14.59932,,127.3095,12,2020-01-01,2020-12-01
27.0,2021,27_2021,24.25,8.846827774066663,9.12037750085195,4.76221377704321,10.428871731096516,10.72591241200765,4.142790962284523,1509.844093305676,1497.6666666666667,0.7776024138839516,1799.028735422223,1791.4000142415364,-0.787945761176707,70.76868274170356,71.51083215077718,4.444400840427666,67.91561310754656,68.22249984741211,3.683957631812968,,15.75,16.083333333333332,215.52053333333333,19.425293333333332,2.6527106727131993,12.016666666666666,134.88423333333333,168157700000.0,203997650000.0,8.839683459239977,9.104458333333334,10.425444008227908,10.707445833333333,8.846827774066663,9.12037750085195,10.428871731096516,10.72591241200765,17.583333333333332,105069.41666666667,,,,,,,,,2.6527106727131993,19.425293333333332,,134.88423333333333,23,13.366419999495797,13.290499687194824,-1.5635226503296409,15.099254400833791,14.993060111999512,-1.989105774261324,1966.3521728515625,1857.699951171875,0.0161476663007587,1791.0454434481535,1827.5,2.5763372835120757,74.74318140203303,77.77999877929688,12.937412047884722,71.69000070745295,75.20999908447266,14.701844493693628,,15.75,12.5,263.6184,36.0809,13.5754910389525,11.0,142.6837,278759500000.0,370019900000.0,13.540678260869566,12.9892,15.30335,14.69555,13.366419999495797,13.290499687194824,15.099254400833791,14.993060111999512,14.0,111181.0,,,,,,,,,13.5754910389525,36.0809,,142.6837,12,2021-01-01,2021-12-01
27.0,2022,27_2022,24.25,16.543896027740374,16.71338899930318,3.043175024426716,17.333665187351453,17.490079323450725,2.6218185262281906,2979.425595114186,3081.2666829427085,7.888217991267459,1799.9470226603064,1794.9500020345051,-0.12011813894572297,98.82681956221053,100.64416631062825,2.9428849376274466,94.22608056358183,93.68916765848796,-0.0699316609878055,,14.333333333333334,11.125,371.3609166666667,71.98292833333333,4.255902713010365,10.483333333333333,140.8294,350774741666.6667,501912333333.3333,16.551104562080432,16.7291,17.37074754934176,17.5117375,16.543896027740374,16.71338899930318,17.333665187351453,17.490079323450725,12.625,109760.08333333333,,,,,,,,,4.255902713010365,71.98292833333333,,140.8294,22,18.641295086253773,18.70298957824707,0.3917896981669333,19.710295156999067,19.937570571899418,2.726081021200355,5226.66816850142,5509.2001953125,9.175220603219202,1797.1142868768602,1819.699951171875,1.032700896011418,81.3414284842355,85.91000366210938,-1.116475163413333,76.51809510730561,80.26000213623047,-1.1819737380500683,,9.75,7.5,433.0449,64.2696,1.18268385847249,10.4,142.5489,400387300000.0,567407600000.0,18.65375681818182,18.71345,19.722440909090906,19.899549999999998,18.641295086253773,18.70298957824707,19.710295156999067,19.937570571899418,9.0,128736.0,,,,,,,,,1.18268385847249,64.2696,,142.5489,12,2022-01-01,2022-12-01
27.0,2023,27_2023,23.6,19.144791313805374,19.42075958251953,2.209812450369464,20.68414521604165,20.988689804077147,2.4601467388854426,4981.943190961998,4906.319921875,-1.3369315954202683,1932.1005602524535,1936.2800048828126,1.245037707223475,81.11933022857977,80.06999969482422,-3.1875026862073774,75.89129326161908,75.29199981689453,-2.754450636683319,,10.95,7.5,484.69406,49.328058,2.9024107324289505,9.919999999999998,141.52393999999998,397410200000.0,598813300000.0,19.12450985263554,19.32089,20.669183617259552,20.89115,19.144791313805374,19.42075958251953,20.68414521604165,20.988689804077147,8.6,115423.8,9459793343.9,9409316708.8,,,,,,,2.9024107324289505,49.328058,,141.52393999999998,27,19.78454357644786,20.786399841308594,6.859691585291761,21.48640657507855,22.187559127807617,3.9642856089536327,4587.8857654389885,4886.89990234375,8.448353169645383,1993.4227294921875,1963.9000244140625,-0.9831602178063226,75.63227358731356,72.66000366210938,-8.384811626770505,71.62090925736861,68.08999633789062,-10.005296005569477,,15.75,7.5,499.1078,39.5853,0.0430755976739223,9.5,144.0324,403716700000.0,631817100000.0,19.70178095238095,20.3287,21.444783333333334,21.7803,19.78454357644786,20.786399841308594,21.48640657507855,22.187559127807617,8.5,97080.0,9459793343.9,9409316708.8,,,,,,,0.0430755976739223,39.5853,,144.0324,5,2023-01-01,2023-05-01
28.0,2023,28_2023,24.714285714285715,27.084390690451634,27.689924512590682,5.727326322411966,29.283920583181096,29.999956130981445,6.031175822544351,7318.6653298165575,7451.685825892857,5.313517041880936,1950.7140694754464,1966.2285330636162,0.8384332049435086,83.02969692276689,84.27285766601562,2.4689537774309827,78.86102009182166,79.35571398053851,1.32332032057239,,26.821428571428573,19.75,633.2877571428571,56.37553571428571,5.27021657308759,9.028571428571428,144.7452142857143,587277157142.8572,786795800000.0,26.993279404680532,27.621314285714284,29.20615355596784,29.951935714285714,27.084390690451634,27.689924512590682,29.283920583181096,29.999956130981445,29.285714285714285,123256.42857142857,12037998860.170715,12302554132.37143,,,,,,,5.27021657308759,56.37553571428571,,144.7452142857143,21,29.039457684471493,29.519800186157227,2.1927272297482148,31.67287036350795,32.51750183105469,3.442403754050005,7733.024926757813,7470.2001953125,-6.928467947960626,2031.6749938964845,2062.39990234375,-0.4152630447247674,77.32399978637696,77.04000091552734,-2.3326526394001568,72.12350006103516,71.6500015258789,-3.267177236284524,,43.25,23.5,713.5407,64.77292,2.9272073069471367,8.9,146.0553,641051600000.0,806186400000.0,29.048709523809528,29.42375,31.686364285714284,32.723150000000004,29.039457684471493,29.519800186157227,31.67287036350795,32.51750183105469,42.5,140884.0,13304321917.58,13615988704.0,,,,,,,2.9272073069471367,64.77292,,146.0553,7,2023-06-01,2023-12-01
28.0,2024,28_2024,24.333333333333332,32.85963086009706,33.09186633427938,1.7446110864473277,35.53433816640423,35.711951891581215,1.3869946174596184,9606.26311079124,9700.916748046875,2.1002415609219613,2386.5988436625216,2402.8666381835938,1.6477875318400466,79.79264091281264,80.06083488464355,1.6657448223846127,75.72339052994349,75.52916717529297,1.0061008590318268,,48.666666666666664,46.333333333333336,905.6641416666666,60.038648333333335,4.798389618283891,8.708333333333334,148.93233333333333,715009025000.0,942596858333.3334,32.80969233228645,33.04640416666667,35.50562648066802,35.6795625,32.85963086009706,33.09186633427938,35.53433816640423,35.711951891581215,48.958333333333336,143199.66666666666,15316745450.755503,15496054230.291245,,,,,,,4.798389618283891,60.038648333333335,,148.93233333333333,22,34.959894527088515,35.30524826049805,1.763616555817782,36.61642490733754,36.73310089111328,0.423339012546875,9924.714192708334,9830.599609375,1.5442460674118808,2643.580950055803,2629.199951171875,-0.2163251502193652,73.12857164655414,74.63999938964844,3.912010980039948,69.69761912027995,71.72000122070312,5.315716340225296,,48.25,46.0,1030.201,44.37877,3.1626709356375264,8.6,149.9663,763149600000.0,1044402000000.0,34.935263636363636,35.25505,36.60996136363636,36.775999999999996,34.959894527088515,35.30524826049805,36.61642490733754,36.73310089111328,47.5,155232.0,17119095238.65775,17454451644.931274,,,,,,,3.1626709356375264,44.37877,,149.9663,12,2024-01-01,2024-12-01
28.0,2025,28_2025,24.0,39.54860243899018,39.88816706339518,1.5876534328397085,44.784309393300994,45.27466551462809,2.77040321735613,10263.256164600845,10295.350016276041,0.642907495293025,3440.308642329543,3482.8499755859375,3.434341551653818,68.1727676008209,68.00833320617676,-0.8278887590357514,64.80410956945514,64.20583375295003,-2.0846765536699685,,43.208333333333336,41.333333333333336,1122.601,39.28287,,8.366666666666667,,896644525000.0,1199368583333.3333,39.461861638283374,39.806275,44.667079255843,45.187354166666665,39.54860243899018,39.88816706339518,44.784309393300994,45.27466551462809,42.833333333333336,167306.25,21028776093.779793,21334743425.64058,,,,,,,,39.28287,,,22,42.67566958340731,42.95198059082031,1.1360601807668624,49.9947114424272,50.600608825683594,2.6103882079300034,11227.590953480114,11261.5,1.3043673818198265,4311.059104225852,4325.60009765625,2.035720447827871,61.62863592668013,60.849998474121094,-3.672629036048858,57.866363525390625,57.41999816894531,-3.20296954762912,,38.75,36.5,1167.845,37.85867,,7.8,,1019148000000.0,1378914000000.0,42.62445434782609,42.9009,49.89256956521739,50.49865,42.67566958340731,42.95198059082031,49.9947114424272,50.600608825683594,38.0,184021.0,23923874915.88263,24560207208.555862,,,,,,,,37.85867,,,12,2025-01-01,2025-12-01
28.0,2026,28_2026,18.25,43.92051163400922,44.130849838256836,0.9247480163055211,51.34799670373431,51.95433712005615,1.1630753094531183,13204.459702845983,13605.224853515625,6.419662613976795,4830.007641000806,4838.4749755859375,2.437687850095426,83.98225731500924,89.18000030517578,18.007494987279355,79.86891130504752,82.54499816894531,15.099992658001248,,38.75,35.5,,,,8.1,,,,43.847676706349205,44.0513375,51.219739384920636,51.7113375,43.92051163400922,44.130849838256836,51.34799670373431,51.95433712005615,37.0,193064.0,25256728139.793213,25417815311.72376,,,,,,,,,,,9,44.57251262664795,44.65800094604492,0.3857366284214292,51.77999019622803,52.36758041381836,1.2840299098143104,13282.4375,14073.7998046875,8.779627140162471,4721.742885044643,4761.89990234375,-0.445314686799525,102.15714154924665,95.1999969482422,-5.8916632049308415,103.69571576799665,96.56999969482422,-3.545748056702891,,38.75,35.5,,,,8.1,,,,44.50101111111111,44.555800000000005,51.573127777777785,52.12135,44.57251262664795,44.65800094604492,51.77999019622803,52.36758041381836,37.0,150774.0,25598200172.986256,25598200172.986256,,,,,,,,,,,4,2026-01-01,2026-04-01
